[
    {
        "pk": 1, 
        "model": "ads.adformat", 
        "fields": {
            "name": "Launch Unit", 
            "modification_date": "2008-10-11 08:27:14", 
            "height": 440, 
            "width": 1000, 
            "creation_date": "2008-10-11 07:45:32", 
            "slug": "launch-unit"
        }
    }, 
    {
        "pk": 2, 
        "model": "ads.adformat", 
        "fields": {
            "name": "Pav\u00e9", 
            "modification_date": "2008-10-11 08:27:28", 
            "height": 250, 
            "width": 300, 
            "creation_date": "2008-10-11 07:45:49", 
            "slug": "pave"
        }
    }, 
    {
        "pk": 3, 
        "model": "ads.adformat", 
        "fields": {
            "name": "Carr\u00e9", 
            "modification_date": "2008-10-11 08:27:33", 
            "height": 250, 
            "width": 250, 
            "creation_date": "2008-10-11 07:46:01", 
            "slug": "carre"
        }
    }, 
    {
        "pk": 4, 
        "model": "ads.adformat", 
        "fields": {
            "name": "Banni\u00e8re", 
            "modification_date": "2008-10-11 08:27:23", 
            "height": 60, 
            "width": 468, 
            "creation_date": "2008-10-11 07:46:19", 
            "slug": "banniere"
        }
    }, 
    {
        "pk": 5, 
        "model": "ads.adformat", 
        "fields": {
            "name": "Large banni\u00e8re", 
            "modification_date": "2008-10-11 08:27:19", 
            "height": 90, 
            "width": 728, 
            "creation_date": "2008-10-11 07:46:42", 
            "slug": "large-banniere"
        }
    }, 
    {
        "pk": 6, 
        "model": "ads.adformat", 
        "fields": {
            "name": "Skyscraper", 
            "modification_date": "2008-10-11 08:27:38", 
            "height": 600, 
            "width": 160, 
            "creation_date": "2008-10-11 07:47:16", 
            "slug": "skyscraper"
        }
    }, 
    {
        "pk": 1, 
        "model": "ads.adtype", 
        "fields": {
            "name": "Payante", 
            "modification_date": "2008-10-10 18:23:00", 
            "creation_date": "2008-10-10 18:23:00"
        }
    }, 
    {
        "pk": 2, 
        "model": "ads.adtype", 
        "fields": {
            "name": "Titre gracieux", 
            "modification_date": "2008-10-10 18:23:11", 
            "creation_date": "2008-10-10 18:23:11"
        }
    }, 
    {
        "pk": 3, 
        "model": "ads.adtype", 
        "fields": {
            "name": "Autopromotion", 
            "modification_date": "2008-10-10 18:23:20", 
            "creation_date": "2008-10-10 18:23:20"
        }
    }, 
    {
        "pk": 1, 
        "model": "ads.adpage", 
        "fields": {
            "category": null, 
            "name": "Portail", 
            "modification_date": "2008-10-11 07:32:51", 
            "creation_date": "2008-10-10 18:24:58", 
            "type": 1, 
            "slug": "portail"
        }
    }, 
    {
        "pk": 2, 
        "model": "ads.adpage", 
        "fields": {
            "category": 1, 
            "name": "National", 
            "modification_date": "2008-10-11 07:33:40", 
            "creation_date": "2008-10-10 18:25:11", 
            "type": 2, 
            "slug": "national"
        }
    }, 
    {
        "pk": 3, 
        "model": "ads.adpage", 
        "fields": {
            "category": 2, 
            "name": "\u00c9tranger", 
            "modification_date": "2008-10-11 07:33:45", 
            "creation_date": "2008-10-10 18:25:23", 
            "type": 2, 
            "slug": "etranger"
        }
    }, 
    {
        "pk": 4, 
        "model": "ads.adpage", 
        "fields": {
            "category": 3, 
            "name": "Soci\u00e9t\u00e9", 
            "modification_date": "2008-10-11 07:33:53", 
            "creation_date": "2008-10-10 18:25:27", 
            "type": 2, 
            "slug": "societe"
        }
    }, 
    {
        "pk": 5, 
        "model": "ads.adpage", 
        "fields": {
            "category": 8, 
            "name": "Nanas", 
            "modification_date": "2008-10-11 07:34:02", 
            "creation_date": "2008-10-10 18:25:47", 
            "type": 2, 
            "slug": "nanas"
        }
    }, 
    {
        "pk": 6, 
        "model": "ads.adpage", 
        "fields": {
            "category": 9, 
            "name": "Insolite", 
            "modification_date": "2008-10-11 07:34:12", 
            "creation_date": "2008-10-10 18:25:51", 
            "type": 2, 
            "slug": "insolite"
        }
    }, 
    {
        "pk": 7, 
        "model": "ads.adpage", 
        "fields": {
            "category": 12, 
            "name": "R\u00e9gions", 
            "modification_date": "2008-10-11 07:34:21", 
            "creation_date": "2008-10-10 18:25:55", 
            "type": 2, 
            "slug": "regions"
        }
    }, 
    {
        "pk": 8, 
        "model": "ads.adpage", 
        "fields": {
            "category": 10, 
            "name": "Voyages", 
            "modification_date": "2008-10-11 07:34:31", 
            "creation_date": "2008-10-10 18:26:05", 
            "type": 2, 
            "slug": "voyages"
        }
    }, 
    {
        "pk": 9, 
        "model": "ads.adpage", 
        "fields": {
            "category": 4, 
            "name": "Sports", 
            "modification_date": "2008-10-11 07:34:37", 
            "creation_date": "2008-10-10 18:26:14", 
            "type": 2, 
            "slug": "sports"
        }
    }, 
    {
        "pk": 10, 
        "model": "ads.adpage", 
        "fields": {
            "category": 5, 
            "name": "Pipoles", 
            "modification_date": "2008-10-11 07:34:50", 
            "creation_date": "2008-10-10 18:26:18", 
            "type": 2, 
            "slug": "pipoles"
        }
    }, 
    {
        "pk": 11, 
        "model": "ads.adpage", 
        "fields": {
            "category": 6, 
            "name": "T\u00e9l\u00e9", 
            "modification_date": "2008-10-11 07:34:56", 
            "creation_date": "2008-10-10 18:26:21", 
            "type": 2, 
            "slug": "tele"
        }
    }, 
    {
        "pk": 12, 
        "model": "ads.adpage", 
        "fields": {
            "category": 7, 
            "name": "Bouquins", 
            "modification_date": "2008-10-11 07:35:03", 
            "creation_date": "2008-10-10 18:26:30", 
            "type": 2, 
            "slug": "bouquins"
        }
    }, 
    {
        "pk": 13, 
        "model": "ads.adpage", 
        "fields": {
            "category": 11, 
            "name": "\u00c9picurien : Gourmets", 
            "modification_date": "2008-10-11 07:35:10", 
            "creation_date": "2008-10-10 18:26:54", 
            "type": 2, 
            "slug": "epicurien-gourmets"
        }
    }, 
    {
        "pk": 14, 
        "model": "ads.adpage", 
        "fields": {
            "category": 11, 
            "name": "\u00c9picurien : C\u00f4te Bar", 
            "modification_date": "2008-10-11 07:35:45", 
            "creation_date": "2008-10-10 18:27:01", 
            "type": 2, 
            "slug": "epicurien-bar"
        }
    }, 
    {
        "pk": 15, 
        "model": "ads.adpage", 
        "fields": {
            "category": 11, 
            "name": "\u00c9picurien : Fumeurs", 
            "modification_date": "2008-10-11 07:35:51", 
            "creation_date": "2008-10-10 18:27:11", 
            "type": 2, 
            "slug": "epicurien-fumeurs"
        }
    }, 
    {
        "pk": 16, 
        "model": "ads.adpage", 
        "fields": {
            "category": 13, 
            "name": "Coup de Gueule", 
            "modification_date": "2008-10-11 07:35:57", 
            "creation_date": "2008-10-10 18:27:19", 
            "type": 2, 
            "slug": "coup-de-gueule"
        }
    }, 
    {
        "pk": 1, 
        "model": "ads.adlocation", 
        "fields": {
            "position": "1.0", 
            "creation_date": "2008-10-11 08:21:02", 
            "name": "1 - En-t\u00eate", 
            "modification_date": "2008-10-11 08:21:02", 
            "slug": "1-en-tete"
        }
    }, 
    {
        "pk": 2, 
        "model": "ads.adlocation", 
        "fields": {
            "position": "1.1", 
            "creation_date": "2008-10-11 08:21:18", 
            "name": "Launch Unit", 
            "modification_date": "2008-10-11 08:21:18", 
            "slug": "launch-unit"
        }
    }, 
    {
        "pk": 3, 
        "model": "ads.adlocation", 
        "fields": {
            "position": "2.0", 
            "creation_date": "2008-10-11 08:21:30", 
            "name": "2 - Colonne gauche", 
            "modification_date": "2008-10-11 08:21:30", 
            "slug": "2-colonne-gauche"
        }
    }, 
    {
        "pk": 4, 
        "model": "ads.adlocation", 
        "fields": {
            "position": "3.0", 
            "creation_date": "2008-10-11 08:21:46", 
            "name": "3 - Colonne gauche", 
            "modification_date": "2008-10-11 08:21:46", 
            "slug": "3-colonne-gauche"
        }
    }, 
    {
        "pk": 5, 
        "model": "ads.adlocation", 
        "fields": {
            "position": "3.1", 
            "creation_date": "2008-10-11 08:22:02", 
            "name": "3 (bis) - Colonne gauche", 
            "modification_date": "2008-10-11 08:22:02", 
            "slug": "3-bis-colonne-gauche"
        }
    }, 
    {
        "pk": 6, 
        "model": "ads.adlocation", 
        "fields": {
            "position": "4.0", 
            "creation_date": "2008-10-11 08:22:21", 
            "name": "4 - Colonne droite (haut)", 
            "modification_date": "2008-10-13 07:50:31", 
            "slug": "4-colonne-droite-haut"
        }
    }, 
    {
        "pk": 7, 
        "model": "ads.adlocation", 
        "fields": {
            "position": "5.0", 
            "creation_date": "2008-10-11 08:22:36", 
            "name": "5 - Colonne droite", 
            "modification_date": "2008-10-11 08:22:36", 
            "slug": "5-colonne-droite"
        }
    }, 
    {
        "pk": 8, 
        "model": "ads.adlocation", 
        "fields": {
            "position": "5.1", 
            "creation_date": "2008-10-11 08:22:55", 
            "name": "5 (bis) - Colonne droite", 
            "modification_date": "2008-10-11 08:22:55", 
            "slug": "5-bis-colonne-droite"
        }
    }, 
    {
        "pk": 9, 
        "model": "ads.adlocation", 
        "fields": {
            "position": "6.0", 
            "creation_date": "2008-10-11 08:23:07", 
            "name": "6 - Colonne droite", 
            "modification_date": "2008-10-11 08:23:07", 
            "slug": "6-colonne-droite"
        }
    }, 
    {
        "pk": 10, 
        "model": "ads.adlocation", 
        "fields": {
            "position": "4.1", 
            "creation_date": "2008-10-13 07:50:17", 
            "name": "4 (bis) - Colonne droite (bas)", 
            "modification_date": "2008-10-13 07:50:17", 
            "slug": "4-bis-colonne-droite-bas"
        }
    }, 
    {
        "pk": 1, 
        "model": "ads.ad", 
        "fields": {
            "modification_date": "2008-10-13 07:26:34", 
            "format": 5, 
            "price": "5000.00", 
            "creation_date": "2008-10-13 07:26:34", 
            "location": 1, 
            "page": 1
        }
    }, 
    {
        "pk": 2, 
        "model": "ads.ad", 
        "fields": {
            "modification_date": "2008-10-13 07:27:49", 
            "format": 1, 
            "price": "30000.00", 
            "creation_date": "2008-10-13 07:27:49", 
            "location": 2, 
            "page": 1
        }
    }, 
    {
        "pk": 3, 
        "model": "ads.ad", 
        "fields": {
            "modification_date": "2008-10-13 07:28:28", 
            "format": 4, 
            "price": "2000.00", 
            "creation_date": "2008-10-13 07:28:28", 
            "location": 3, 
            "page": 1
        }
    }, 
    {
        "pk": 4, 
        "model": "ads.ad", 
        "fields": {
            "modification_date": "2008-10-13 07:29:12", 
            "format": 4, 
            "price": "1500.00", 
            "creation_date": "2008-10-13 07:29:12", 
            "location": 4, 
            "page": 1
        }
    }, 
    {
        "pk": 5, 
        "model": "ads.ad", 
        "fields": {
            "modification_date": "2008-10-13 07:29:42", 
            "format": 4, 
            "price": "1500.00", 
            "creation_date": "2008-10-13 07:29:42", 
            "location": 5, 
            "page": 1
        }
    }, 
    {
        "pk": 6, 
        "model": "ads.ad", 
        "fields": {
            "modification_date": "2008-10-13 07:30:16", 
            "format": 2, 
            "price": "1000.00", 
            "creation_date": "2008-10-13 07:30:16", 
            "location": 7, 
            "page": 1
        }
    }, 
    {
        "pk": 7, 
        "model": "ads.ad", 
        "fields": {
            "modification_date": "2008-10-13 07:30:46", 
            "format": 2, 
            "price": "1000.00", 
            "creation_date": "2008-10-13 07:30:46", 
            "location": 8, 
            "page": 1
        }
    }, 
    {
        "pk": 8, 
        "model": "ads.ad", 
        "fields": {
            "modification_date": "2008-10-13 07:31:17", 
            "format": 6, 
            "price": "3500.00", 
            "creation_date": "2008-10-13 07:31:17", 
            "location": 9, 
            "page": 1
        }
    }, 
    {
        "pk": 9, 
        "model": "ads.ad", 
        "fields": {
            "modification_date": "2008-10-13 07:31:53", 
            "format": 5, 
            "price": "3000.00", 
            "creation_date": "2008-10-13 07:31:53", 
            "location": 1, 
            "page": 2
        }
    }, 
    {
        "pk": 10, 
        "model": "ads.ad", 
        "fields": {
            "modification_date": "2008-10-13 07:36:05", 
            "format": 4, 
            "price": "1500.00", 
            "creation_date": "2008-10-13 07:36:05", 
            "location": 3, 
            "page": 2
        }
    }, 
    {
        "pk": 11, 
        "model": "ads.ad", 
        "fields": {
            "modification_date": "2008-10-13 07:36:24", 
            "format": 4, 
            "price": "1000.00", 
            "creation_date": "2008-10-13 07:36:24", 
            "location": 4, 
            "page": 2
        }
    }, 
    {
        "pk": 12, 
        "model": "ads.ad", 
        "fields": {
            "modification_date": "2008-10-13 07:36:46", 
            "format": 3, 
            "price": "2000.00", 
            "creation_date": "2008-10-13 07:36:46", 
            "location": 6, 
            "page": 2
        }
    }, 
    {
        "pk": 13, 
        "model": "ads.ad", 
        "fields": {
            "modification_date": "2008-10-13 07:37:03", 
            "format": 6, 
            "price": "2000.00", 
            "creation_date": "2008-10-13 07:37:03", 
            "location": 9, 
            "page": 2
        }
    }, 
    {
        "pk": 14, 
        "model": "ads.ad", 
        "fields": {
            "modification_date": "2008-10-13 07:37:36", 
            "format": 5, 
            "price": "2000.00", 
            "creation_date": "2008-10-13 07:37:36", 
            "location": 1, 
            "page": 3
        }
    }, 
    {
        "pk": 15, 
        "model": "ads.ad", 
        "fields": {
            "modification_date": "2008-10-13 07:37:57", 
            "format": 4, 
            "price": "1500.00", 
            "creation_date": "2008-10-13 07:37:57", 
            "location": 3, 
            "page": 3
        }
    }, 
    {
        "pk": 16, 
        "model": "ads.ad", 
        "fields": {
            "modification_date": "2008-10-13 07:38:12", 
            "format": 4, 
            "price": "1000.00", 
            "creation_date": "2008-10-13 07:38:12", 
            "location": 4, 
            "page": 3
        }
    }, 
    {
        "pk": 17, 
        "model": "ads.ad", 
        "fields": {
            "modification_date": "2008-10-13 07:38:27", 
            "format": 3, 
            "price": "2000.00", 
            "creation_date": "2008-10-13 07:38:27", 
            "location": 6, 
            "page": 3
        }
    }, 
    {
        "pk": 18, 
        "model": "ads.ad", 
        "fields": {
            "modification_date": "2008-10-13 07:38:42", 
            "format": 6, 
            "price": "2000.00", 
            "creation_date": "2008-10-13 07:38:42", 
            "location": 9, 
            "page": 3
        }
    }, 
    {
        "pk": 19, 
        "model": "ads.ad", 
        "fields": {
            "modification_date": "2008-10-13 07:39:04", 
            "format": 5, 
            "price": "3000.00", 
            "creation_date": "2008-10-13 07:39:04", 
            "location": 1, 
            "page": 4
        }
    }, 
    {
        "pk": 20, 
        "model": "ads.ad", 
        "fields": {
            "modification_date": "2008-10-13 07:39:26", 
            "format": 4, 
            "price": "1500.00", 
            "creation_date": "2008-10-13 07:39:26", 
            "location": 3, 
            "page": 4
        }
    }, 
    {
        "pk": 21, 
        "model": "ads.ad", 
        "fields": {
            "modification_date": "2008-10-13 07:39:48", 
            "format": 4, 
            "price": "1000.00", 
            "creation_date": "2008-10-13 07:39:48", 
            "location": 4, 
            "page": 4
        }
    }, 
    {
        "pk": 22, 
        "model": "ads.ad", 
        "fields": {
            "modification_date": "2008-10-13 07:40:03", 
            "format": 3, 
            "price": "2000.00", 
            "creation_date": "2008-10-13 07:40:03", 
            "location": 6, 
            "page": 4
        }
    }, 
    {
        "pk": 23, 
        "model": "ads.ad", 
        "fields": {
            "modification_date": "2008-10-13 07:40:15", 
            "format": 6, 
            "price": "2000.00", 
            "creation_date": "2008-10-13 07:40:15", 
            "location": 9, 
            "page": 4
        }
    }, 
    {
        "pk": 24, 
        "model": "ads.ad", 
        "fields": {
            "modification_date": "2008-10-13 07:40:48", 
            "format": 5, 
            "price": "2000.00", 
            "creation_date": "2008-10-13 07:40:48", 
            "location": 1, 
            "page": 9
        }
    }, 
    {
        "pk": 25, 
        "model": "ads.ad", 
        "fields": {
            "modification_date": "2008-10-13 07:41:01", 
            "format": 4, 
            "price": "1000.00", 
            "creation_date": "2008-10-13 07:41:01", 
            "location": 3, 
            "page": 9
        }
    }, 
    {
        "pk": 26, 
        "model": "ads.ad", 
        "fields": {
            "modification_date": "2008-10-13 07:41:24", 
            "format": 4, 
            "price": "1000.00", 
            "creation_date": "2008-10-13 07:41:24", 
            "location": 4, 
            "page": 9
        }
    }, 
    {
        "pk": 27, 
        "model": "ads.ad", 
        "fields": {
            "modification_date": "2008-10-13 07:41:48", 
            "format": 6, 
            "price": "2000.00", 
            "creation_date": "2008-10-13 07:41:48", 
            "location": 9, 
            "page": 9
        }
    }, 
    {
        "pk": 28, 
        "model": "ads.ad", 
        "fields": {
            "modification_date": "2008-10-13 07:42:12", 
            "format": 5, 
            "price": "3000.00", 
            "creation_date": "2008-10-13 07:42:12", 
            "location": 1, 
            "page": 10
        }
    }, 
    {
        "pk": 29, 
        "model": "ads.ad", 
        "fields": {
            "modification_date": "2008-10-13 07:42:26", 
            "format": 4, 
            "price": "1000.00", 
            "creation_date": "2008-10-13 07:42:26", 
            "location": 3, 
            "page": 10
        }
    }, 
    {
        "pk": 30, 
        "model": "ads.ad", 
        "fields": {
            "modification_date": "2008-10-13 07:42:40", 
            "format": 4, 
            "price": "1000.00", 
            "creation_date": "2008-10-13 07:42:40", 
            "location": 4, 
            "page": 10
        }
    }, 
    {
        "pk": 31, 
        "model": "ads.ad", 
        "fields": {
            "modification_date": "2008-10-13 07:42:53", 
            "format": 3, 
            "price": "2000.00", 
            "creation_date": "2008-10-13 07:42:53", 
            "location": 6, 
            "page": 10
        }
    }, 
    {
        "pk": 32, 
        "model": "ads.ad", 
        "fields": {
            "modification_date": "2008-10-13 07:43:04", 
            "format": 6, 
            "price": "2000.00", 
            "creation_date": "2008-10-13 07:43:04", 
            "location": 9, 
            "page": 10
        }
    }, 
    {
        "pk": 33, 
        "model": "ads.ad", 
        "fields": {
            "modification_date": "2008-10-13 07:44:08", 
            "format": 5, 
            "price": "3000.00", 
            "creation_date": "2008-10-13 07:44:08", 
            "location": 1, 
            "page": 11
        }
    }, 
    {
        "pk": 34, 
        "model": "ads.ad", 
        "fields": {
            "modification_date": "2008-10-13 07:44:16", 
            "format": 4, 
            "price": "1000.00", 
            "creation_date": "2008-10-13 07:44:16", 
            "location": 3, 
            "page": 11
        }
    }, 
    {
        "pk": 35, 
        "model": "ads.ad", 
        "fields": {
            "modification_date": "2008-10-13 07:44:26", 
            "format": 4, 
            "price": "1000.00", 
            "creation_date": "2008-10-13 07:44:26", 
            "location": 4, 
            "page": 11
        }
    }, 
    {
        "pk": 36, 
        "model": "ads.ad", 
        "fields": {
            "modification_date": "2008-10-13 07:44:34", 
            "format": 6, 
            "price": "2000.00", 
            "creation_date": "2008-10-13 07:44:34", 
            "location": 9, 
            "page": 11
        }
    }, 
    {
        "pk": 37, 
        "model": "ads.ad", 
        "fields": {
            "modification_date": "2008-10-13 07:44:54", 
            "format": 5, 
            "price": "2000.00", 
            "creation_date": "2008-10-13 07:44:54", 
            "location": 1, 
            "page": 12
        }
    }, 
    {
        "pk": 38, 
        "model": "ads.ad", 
        "fields": {
            "modification_date": "2008-10-13 07:45:07", 
            "format": 4, 
            "price": "1000.00", 
            "creation_date": "2008-10-13 07:45:07", 
            "location": 3, 
            "page": 12
        }
    }, 
    {
        "pk": 39, 
        "model": "ads.ad", 
        "fields": {
            "modification_date": "2008-10-13 07:45:18", 
            "format": 4, 
            "price": "1000.00", 
            "creation_date": "2008-10-13 07:45:18", 
            "location": 4, 
            "page": 12
        }
    }, 
    {
        "pk": 40, 
        "model": "ads.ad", 
        "fields": {
            "modification_date": "2008-10-13 07:45:27", 
            "format": 3, 
            "price": "2000.00", 
            "creation_date": "2008-10-13 07:45:27", 
            "location": 6, 
            "page": 12
        }
    }, 
    {
        "pk": 41, 
        "model": "ads.ad", 
        "fields": {
            "modification_date": "2008-10-13 07:45:36", 
            "format": 6, 
            "price": "2000.00", 
            "creation_date": "2008-10-13 07:45:36", 
            "location": 9, 
            "page": 12
        }
    }, 
    {
        "pk": 42, 
        "model": "ads.ad", 
        "fields": {
            "modification_date": "2008-10-13 07:45:53", 
            "format": 5, 
            "price": "3000.00", 
            "creation_date": "2008-10-13 07:45:53", 
            "location": 1, 
            "page": 5
        }
    }, 
    {
        "pk": 43, 
        "model": "ads.ad", 
        "fields": {
            "modification_date": "2008-10-13 07:46:07", 
            "format": 4, 
            "price": "1500.00", 
            "creation_date": "2008-10-13 07:46:07", 
            "location": 3, 
            "page": 5
        }
    }, 
    {
        "pk": 44, 
        "model": "ads.ad", 
        "fields": {
            "modification_date": "2008-10-13 07:46:16", 
            "format": 4, 
            "price": "1000.00", 
            "creation_date": "2008-10-13 07:46:16", 
            "location": 4, 
            "page": 5
        }
    }, 
    {
        "pk": 45, 
        "model": "ads.ad", 
        "fields": {
            "modification_date": "2008-10-13 07:46:25", 
            "format": 6, 
            "price": "2000.00", 
            "creation_date": "2008-10-13 07:46:25", 
            "location": 9, 
            "page": 5
        }
    }, 
    {
        "pk": 46, 
        "model": "ads.ad", 
        "fields": {
            "modification_date": "2008-10-13 07:47:01", 
            "format": 5, 
            "price": "2000.00", 
            "creation_date": "2008-10-13 07:47:01", 
            "location": 1, 
            "page": 6
        }
    }, 
    {
        "pk": 47, 
        "model": "ads.ad", 
        "fields": {
            "modification_date": "2008-10-13 07:47:08", 
            "format": 4, 
            "price": "1000.00", 
            "creation_date": "2008-10-13 07:47:08", 
            "location": 3, 
            "page": 6
        }
    }, 
    {
        "pk": 48, 
        "model": "ads.ad", 
        "fields": {
            "modification_date": "2008-10-13 07:47:17", 
            "format": 4, 
            "price": "1000.00", 
            "creation_date": "2008-10-13 07:47:17", 
            "location": 4, 
            "page": 6
        }
    }, 
    {
        "pk": 49, 
        "model": "ads.ad", 
        "fields": {
            "modification_date": "2008-10-13 07:47:24", 
            "format": 3, 
            "price": "2000.00", 
            "creation_date": "2008-10-13 07:47:24", 
            "location": 6, 
            "page": 6
        }
    }, 
    {
        "pk": 50, 
        "model": "ads.ad", 
        "fields": {
            "modification_date": "2008-10-13 07:47:33", 
            "format": 6, 
            "price": "2000.00", 
            "creation_date": "2008-10-13 07:47:33", 
            "location": 9, 
            "page": 6
        }
    }, 
    {
        "pk": 51, 
        "model": "ads.ad", 
        "fields": {
            "modification_date": "2008-10-13 07:48:15", 
            "format": 5, 
            "price": "2000.00", 
            "creation_date": "2008-10-13 07:48:15", 
            "location": 1, 
            "page": 7
        }
    }, 
    {
        "pk": 52, 
        "model": "ads.ad", 
        "fields": {
            "modification_date": "2008-10-13 07:48:25", 
            "format": 4, 
            "price": "1500.00", 
            "creation_date": "2008-10-13 07:48:25", 
            "location": 3, 
            "page": 7
        }
    }, 
    {
        "pk": 53, 
        "model": "ads.ad", 
        "fields": {
            "modification_date": "2008-10-13 07:48:35", 
            "format": 4, 
            "price": "1000.00", 
            "creation_date": "2008-10-13 07:48:35", 
            "location": 4, 
            "page": 7
        }
    }, 
    {
        "pk": 54, 
        "model": "ads.ad", 
        "fields": {
            "modification_date": "2008-10-13 07:48:45", 
            "format": 3, 
            "price": "2000.00", 
            "creation_date": "2008-10-13 07:48:45", 
            "location": 6, 
            "page": 7
        }
    }, 
    {
        "pk": 55, 
        "model": "ads.ad", 
        "fields": {
            "modification_date": "2008-10-13 07:51:52", 
            "format": 3, 
            "price": "2000.00", 
            "creation_date": "2008-10-13 07:51:52", 
            "location": 10, 
            "page": 7
        }
    }, 
    {
        "pk": 56, 
        "model": "ads.ad", 
        "fields": {
            "modification_date": "2008-10-13 07:52:21", 
            "format": 5, 
            "price": "2000.00", 
            "creation_date": "2008-10-13 07:52:21", 
            "location": 1, 
            "page": 8
        }
    }, 
    {
        "pk": 57, 
        "model": "ads.ad", 
        "fields": {
            "modification_date": "2008-10-13 07:52:29", 
            "format": 4, 
            "price": "1500.00", 
            "creation_date": "2008-10-13 07:52:29", 
            "location": 3, 
            "page": 8
        }
    }, 
    {
        "pk": 58, 
        "model": "ads.ad", 
        "fields": {
            "modification_date": "2008-10-13 07:53:41", 
            "format": 2, 
            "price": "800.00", 
            "creation_date": "2008-10-13 07:53:41", 
            "location": 7, 
            "page": 8
        }
    }, 
    {
        "pk": 59, 
        "model": "ads.ad", 
        "fields": {
            "modification_date": "2008-10-13 07:53:50", 
            "format": 2, 
            "price": "800.00", 
            "creation_date": "2008-10-13 07:53:50", 
            "location": 8, 
            "page": 8
        }
    }, 
    {
        "pk": 60, 
        "model": "ads.ad", 
        "fields": {
            "modification_date": "2008-10-13 07:54:00", 
            "format": 6, 
            "price": "2000.00", 
            "creation_date": "2008-10-13 07:54:00", 
            "location": 9, 
            "page": 8
        }
    }, 
    {
        "pk": 61, 
        "model": "ads.ad", 
        "fields": {
            "modification_date": "2008-10-13 07:57:20", 
            "format": 5, 
            "price": "3000.00", 
            "creation_date": "2008-10-13 07:57:20", 
            "location": 1, 
            "page": 13
        }
    }, 
    {
        "pk": 62, 
        "model": "ads.ad", 
        "fields": {
            "modification_date": "2008-10-13 07:57:40", 
            "format": 4, 
            "price": "1000.00", 
            "creation_date": "2008-10-13 07:57:40", 
            "location": 3, 
            "page": 13
        }
    }, 
    {
        "pk": 63, 
        "model": "ads.ad", 
        "fields": {
            "modification_date": "2008-10-13 07:57:52", 
            "format": 2, 
            "price": "800.00", 
            "creation_date": "2008-10-13 07:57:52", 
            "location": 7, 
            "page": 13
        }
    }, 
    {
        "pk": 64, 
        "model": "ads.ad", 
        "fields": {
            "modification_date": "2008-10-13 07:58:03", 
            "format": 2, 
            "price": "800.00", 
            "creation_date": "2008-10-13 07:58:03", 
            "location": 8, 
            "page": 13
        }
    }, 
    {
        "pk": 65, 
        "model": "ads.ad", 
        "fields": {
            "modification_date": "2008-10-13 07:58:12", 
            "format": 6, 
            "price": "2000.00", 
            "creation_date": "2008-10-13 07:58:12", 
            "location": 9, 
            "page": 13
        }
    }, 
    {
        "pk": 66, 
        "model": "ads.ad", 
        "fields": {
            "modification_date": "2008-10-13 07:58:44", 
            "format": 5, 
            "price": "3000.00", 
            "creation_date": "2008-10-13 07:58:44", 
            "location": 1, 
            "page": 14
        }
    }, 
    {
        "pk": 67, 
        "model": "ads.ad", 
        "fields": {
            "modification_date": "2008-10-13 07:58:55", 
            "format": 4, 
            "price": "1000.00", 
            "creation_date": "2008-10-13 07:58:55", 
            "location": 3, 
            "page": 14
        }
    }, 
    {
        "pk": 68, 
        "model": "ads.ad", 
        "fields": {
            "modification_date": "2008-10-13 07:59:04", 
            "format": 2, 
            "price": "800.00", 
            "creation_date": "2008-10-13 07:59:04", 
            "location": 7, 
            "page": 14
        }
    }, 
    {
        "pk": 69, 
        "model": "ads.ad", 
        "fields": {
            "modification_date": "2008-10-13 07:59:11", 
            "format": 2, 
            "price": "800.00", 
            "creation_date": "2008-10-13 07:59:11", 
            "location": 8, 
            "page": 14
        }
    }, 
    {
        "pk": 70, 
        "model": "ads.ad", 
        "fields": {
            "modification_date": "2008-10-13 07:59:22", 
            "format": 6, 
            "price": "2000.00", 
            "creation_date": "2008-10-13 07:59:22", 
            "location": 9, 
            "page": 14
        }
    }, 
    {
        "pk": 71, 
        "model": "ads.ad", 
        "fields": {
            "modification_date": "2008-10-13 07:59:43", 
            "format": 5, 
            "price": "3000.00", 
            "creation_date": "2008-10-13 07:59:43", 
            "location": 1, 
            "page": 15
        }
    }, 
    {
        "pk": 72, 
        "model": "ads.ad", 
        "fields": {
            "modification_date": "2008-10-13 07:59:52", 
            "format": 4, 
            "price": "1000.00", 
            "creation_date": "2008-10-13 07:59:52", 
            "location": 3, 
            "page": 15
        }
    }, 
    {
        "pk": 73, 
        "model": "ads.ad", 
        "fields": {
            "modification_date": "2008-10-13 08:00:01", 
            "format": 2, 
            "price": "800.00", 
            "creation_date": "2008-10-13 08:00:01", 
            "location": 7, 
            "page": 15
        }
    }, 
    {
        "pk": 74, 
        "model": "ads.ad", 
        "fields": {
            "modification_date": "2008-10-13 08:00:14", 
            "format": 2, 
            "price": "800.00", 
            "creation_date": "2008-10-13 08:00:14", 
            "location": 8, 
            "page": 15
        }
    }, 
    {
        "pk": 75, 
        "model": "ads.ad", 
        "fields": {
            "modification_date": "2008-10-13 08:00:23", 
            "format": 6, 
            "price": "2000.00", 
            "creation_date": "2008-10-13 08:00:23", 
            "location": 9, 
            "page": 15
        }
    }, 
    {
        "pk": 76, 
        "model": "ads.ad", 
        "fields": {
            "modification_date": "2008-10-13 08:00:53", 
            "format": 5, 
            "price": "2000.00", 
            "creation_date": "2008-10-13 08:00:53", 
            "location": 1, 
            "page": 16
        }
    }, 
    {
        "pk": 77, 
        "model": "ads.ad", 
        "fields": {
            "modification_date": "2008-10-13 08:01:01", 
            "format": 4, 
            "price": "2000.00", 
            "creation_date": "2008-10-13 08:01:01", 
            "location": 3, 
            "page": 16
        }
    }, 
    {
        "pk": 78, 
        "model": "ads.ad", 
        "fields": {
            "modification_date": "2008-10-13 08:01:09", 
            "format": 2, 
            "price": "800.00", 
            "creation_date": "2008-10-13 08:01:09", 
            "location": 7, 
            "page": 16
        }
    }, 
    {
        "pk": 79, 
        "model": "ads.ad", 
        "fields": {
            "modification_date": "2008-10-13 08:01:18", 
            "format": 2, 
            "price": "800.00", 
            "creation_date": "2008-10-13 08:01:18", 
            "location": 8, 
            "page": 16
        }
    }, 
    {
        "pk": 80, 
        "model": "ads.ad", 
        "fields": {
            "modification_date": "2008-10-13 08:01:27", 
            "format": 6, 
            "price": "2000.00", 
            "creation_date": "2008-10-13 08:01:27", 
            "location": 9, 
            "page": 16
        }
    }
]
