[
    {
        "pk": 1, 
        "model": "journal.category", 
        "fields": {
            "description": "Page \"Une\" (la couverture)", 
            "name": "Une", 
            "slug": "une"
        }
    }, 
    {
        "pk": 2, 
        "model": "journal.category", 
        "fields": {
            "description": "Cat\u00e9gorie \"Actualit\u00e9s nationales\"", 
            "name": "National", 
            "slug": "national"
        }
    }, 
    {
        "pk": 3, 
        "model": "journal.category", 
        "fields": {
            "description": "Cat\u00e9gorie \"International\"", 
            "name": "International", 
            "slug": "international"
        }
    }, 
    {
        "pk": 4, 
        "model": "journal.category", 
        "fields": {
            "description": "Cat\u00e9gorie \"Soci\u00e9t\u00e9\"", 
            "name": "Soci\u00e9t\u00e9", 
            "slug": "societe"
        }
    }, 
    {
        "pk": 5, 
        "model": "journal.category", 
        "fields": {
            "description": "Cat\u00e9gorie \"Sports\"", 
            "name": "Sports", 
            "slug": "sports"
        }
    }, 
    {
        "pk": 6, 
        "model": "journal.category", 
        "fields": {
            "description": "Cat\u00e9gorie \"Pipoles\"", 
            "name": "Pipoles", 
            "slug": "pipoles"
        }
    }, 
    {
        "pk": 7, 
        "model": "journal.category", 
        "fields": {
            "description": "Cat\u00e9gorie \"T\u00e9l\u00e9\"", 
            "name": "T\u00e9l\u00e9", 
            "slug": "tele"
        }
    }, 
    {
        "pk": 8, 
        "model": "journal.category", 
        "fields": {
            "description": "Cat\u00e9gorie \"Bouquins\"", 
            "name": "Bouquins", 
            "slug": "bouquins"
        }
    }, 
    {
        "pk": 9, 
        "model": "journal.category", 
        "fields": {
            "description": "Cat\u00e9gorie \"Nanas\"", 
            "name": "Nanas", 
            "slug": "nanas"
        }
    }, 
    {
        "pk": 10, 
        "model": "journal.category", 
        "fields": {
            "description": "Cat\u00e9gorie \"Insolites\"", 
            "name": "Insolites", 
            "slug": "insolites"
        }
    }, 
    {
        "pk": 11, 
        "model": "journal.category", 
        "fields": {
            "description": "Cat\u00e9gorie \"R\u00e9gions\"", 
            "name": "R\u00e9gions", 
            "slug": "regions"
        }
    }, 
    {
        "pk": 12, 
        "model": "journal.category", 
        "fields": {
            "description": "Cat\u00e9gorie \"Voyages\"", 
            "name": "Voyages", 
            "slug": "voyages"
        }
    }, 
    {
        "pk": 13, 
        "model": "journal.category", 
        "fields": {
            "description": "Cat\u00e9gorie \"L'\u00e9picurien\"", 
            "name": "L'\u00e9picurien", 
            "slug": "epicurien"
        }
    }, 
    {
        "pk": 14, 
        "model": "journal.category", 
        "fields": {
            "description": "Cat\u00e9gorie \"Coup de gueule\"", 
            "name": "Coup de gueule", 
            "slug": "coup-de-gueule"
        }
    }, 
    {
        "pk": 15, 
        "model": "journal.category", 
        "fields": {
            "description": "Cat\u00e9gorie \"Coup de coeur\"", 
            "name": "Coup de coeur", 
            "slug": "coup-de-coeur"
        }
    }, 
    {
        "pk": 2, 
        "model": "journal.illustration", 
        "fields": {
            "category": 3, 
            "modification_date": "2008-09-05 08:46:53", 
            "image": "critica/upload/2008/09/04/international.jpg", 
            "creation_date": "2008-09-04 00:04:48", 
            "credits": "Ip3Press", 
            "is_generic": 1, 
            "legend": "Cki ? Saakachvili"
        }
    }, 
    {
        "pk": 3, 
        "model": "journal.illustration", 
        "fields": {
            "category": 4, 
            "modification_date": "2008-09-05 08:46:46", 
            "image": "critica/upload/2008/09/04/societe.jpg", 
            "creation_date": "2008-09-04 00:05:29", 
            "credits": "MAXPPP", 
            "is_generic": 1, 
            "legend": "Cki ? Michel Fourniret"
        }
    }, 
    {
        "pk": 4, 
        "model": "journal.illustration", 
        "fields": {
            "category": 5, 
            "modification_date": "2008-09-05 08:46:29", 
            "image": "critica/upload/2008/09/04/sport.jpg", 
            "creation_date": "2008-09-04 00:06:07", 
            "credits": "Teamshoot", 
            "is_generic": 1, 
            "legend": "Cki ? Bruce Mc Laren, pionnier"
        }
    }, 
    {
        "pk": 5, 
        "model": "journal.illustration", 
        "fields": {
            "category": 6, 
            "modification_date": "2008-09-05 08:47:00", 
            "image": "critica/upload/2008/09/04/pipole.jpg", 
            "creation_date": "2008-09-04 00:06:47", 
            "credits": "Alphapress", 
            "is_generic": 1, 
            "legend": "Cki ? Sienna Miller"
        }
    }, 
    {
        "pk": 6, 
        "model": "journal.illustration", 
        "fields": {
            "category": 7, 
            "modification_date": "2008-09-05 08:46:23", 
            "image": "critica/upload/2008/09/04/tele.jpg", 
            "creation_date": "2008-09-04 00:07:29", 
            "credits": "Ip3Press", 
            "is_generic": 1, 
            "legend": "Cki ? Brigitte Lahaie"
        }
    }, 
    {
        "pk": 7, 
        "model": "journal.illustration", 
        "fields": {
            "category": 8, 
            "modification_date": "2008-09-05 08:47:39", 
            "image": "critica/upload/2008/09/04/bouquin.jpg", 
            "creation_date": "2008-09-04 00:08:48", 
            "credits": "Critic@", 
            "is_generic": 1, 
            "legend": "Les ch'tis c'\u00e9tait les clich\u00e9s"
        }
    }, 
    {
        "pk": 8, 
        "model": "journal.illustration", 
        "fields": {
            "category": 10, 
            "modification_date": "2008-09-05 08:47:15", 
            "image": "critica/upload/2008/09/04/insolite.jpg", 
            "creation_date": "2008-09-04 00:09:25", 
            "credits": "ILLU MAXPPP", 
            "is_generic": 1, 
            "legend": "ILLU MAXPPP"
        }
    }, 
    {
        "pk": 9, 
        "model": "journal.illustration", 
        "fields": {
            "category": 12, 
            "modification_date": "2008-09-05 08:47:31", 
            "image": "critica/upload/2008/09/04/voyageingridjouault.jpg", 
            "creation_date": "2008-09-04 00:10:06", 
            "credits": "Ingrid Jouault", 
            "is_generic": 1, 
            "legend": "Ingrid Jouault"
        }
    }, 
    {
        "pk": 10, 
        "model": "journal.illustration", 
        "fields": {
            "category": 9, 
            "modification_date": "2008-09-05 08:46:15", 
            "image": "critica/upload/2008/09/04/nana.jpg", 
            "creation_date": "2008-09-04 00:10:57", 
            "credits": "Blog \"Au pays de Candy\"", 
            "is_generic": 1, 
            "legend": "Blog \"Au pays de Candy\""
        }
    },
    {
        "pk": 1, 
        "model": "journal.type", 
        "fields": {
            "description": "Article principal", 
            "title": "Principal"
        }
    }, 
    {
        "pk": 2, 
        "model": "journal.type", 
        "fields": {
            "description": "Article du type \"Vous saviez ?\"", 
            "title": "Vous saviez ?"
        }
    }, 
    {
        "pk": 3, 
        "model": "journal.type", 
        "fields": {
            "description": "Article du type \"L'info off\"", 
            "title": "L'info off"
        }
    }, 
    {
        "pk": 4, 
        "model": "journal.type", 
        "fields": {
            "description": "Article du type \"Fallait s'en douter\"", 
            "title": "Fallait s'en douter"
        }
    }, 
    {
        "pk": 5, 
        "model": "journal.type", 
        "fields": {
            "description": "Article du type \"Criti...cons\"", 
            "title": "Criti...cons"
        }
    }, 
    {
        "pk": 6, 
        "model": "journal.type", 
        "fields": {
            "description": "Article du type \"Ca, c'est fait !\"", 
            "title": "Ca, c'est fait !"
        }
    }, 
    {
        "pk": 7, 
        "model": "journal.type", 
        "fields": {
            "description": "Article du type \"Aucun int\u00e9r\u00eat\"", 
            "title": "Aucun int\u00e9r\u00eat"
        }
    }, 
    {
        "pk": 8, 
        "model": "journal.type", 
        "fields": {
            "description": "Article du type \"Premi\u00e8re nouvelle\"", 
            "title": "Premi\u00e8re nouvelle"
        }
    }, 
    {
        "pk": 9, 
        "model": "journal.type", 
        "fields": {
            "description": "Article du type \"On s\u2019en serait pass\u00e9\"", 
            "title": "On s\u2019en serait pass\u00e9"
        }
    }, 
    {
        "pk": 10, 
        "model": "journal.type", 
        "fields": {
            "description": "Article du type \"On en rirait presque\"", 
            "title": "On en rirait presque"
        }
    }, 
    {
        "pk": 11, 
        "model": "journal.type", 
        "fields": {
            "description": "Article du type \"Ils ont os\u00e9\"", 
            "title": "Ils ont os\u00e9"
        }
    }, 
    {
        "pk": 12, 
        "model": "journal.type", 
        "fields": {
            "description": "R\u00e9gions : Haute-Normandie", 
            "title": "Haute-Normandie"
        }
    }, 
    {
        "pk": 13, 
        "model": "journal.type", 
        "fields": {
            "description": "R\u00e9gions : Lorraine", 
            "title": "Lorraine"
        }
    }, 
    {
        "pk": 14, 
        "model": "journal.type", 
        "fields": {
            "description": "R\u00e9gions : \u00cele-de-France", 
            "title": "\u00cele-de-France"
        }
    }, 
    {
        "pk": 15, 
        "model": "journal.type", 
        "fields": {
            "description": "R\u00e9gions : Midi-Pyr\u00e9n\u00e9es", 
            "title": "Midi-Pyr\u00e9n\u00e9es"
        }
    }, 
    {
        "pk": 16, 
        "model": "journal.type", 
        "fields": {
            "description": "R\u00e9gions : Languedoc-Roussillon", 
            "title": "Languedoc-Roussillon"
        }
    }, 
    {
        "pk": 17, 
        "model": "journal.type", 
        "fields": {
            "description": "R\u00e9gions : Nord-Pas-de-Calais", 
            "title": "Nord-Pas-de-Calais"
        }
    }, 
    {
        "pk": 18, 
        "model": "journal.type", 
        "fields": {
            "description": "R\u00e9gions : Limousin", 
            "title": "Limousin"
        }
    }, 
    {
        "pk": 19, 
        "model": "journal.type", 
        "fields": {
            "description": "R\u00e9gions : Pays de la Loire", 
            "title": "Pays de la Loire"
        }
    }, 
    {
        "pk": 20, 
        "model": "journal.type", 
        "fields": {
            "description": "R\u00e9gions : Alsace", 
            "title": "Alsace"
        }
    }, 
    {
        "pk": 21, 
        "model": "journal.type", 
        "fields": {
            "description": "R\u00e9gions : Basse-Normandie", 
            "title": "Basse-Normandie"
        }
    }, 
    {
        "pk": 22, 
        "model": "journal.type", 
        "fields": {
            "description": "R\u00e9gions : Aquitaine", 
            "title": "Aquitaine"
        }
    }, 
    {
        "pk": 23, 
        "model": "journal.type", 
        "fields": {
            "description": "R\u00e9gions : Bourgogne", 
            "title": "Bourgogne"
        }
    }, 
    {
        "pk": 24, 
        "model": "journal.type", 
        "fields": {
            "description": "R\u00e9gions : Auvergne", 
            "title": "Auvergne"
        }
    }, 
    {
        "pk": 25, 
        "model": "journal.type", 
        "fields": {
            "description": "R\u00e9gions : Bretagne", 
            "title": "Bretagne"
        }
    }, 
    {
        "pk": 26, 
        "model": "journal.type", 
        "fields": {
            "description": "R\u00e9gions : Centre", 
            "title": "Centre"
        }
    }, 
    {
        "pk": 27, 
        "model": "journal.type", 
        "fields": {
            "description": "R\u00e9gions : Champagne-Ardenne", 
            "title": "Champagne-Ardenne"
        }
    }, 
    {
        "pk": 28, 
        "model": "journal.type", 
        "fields": {
            "description": "R\u00e9gions : Corse", 
            "title": "Corse"
        }
    }, 
    {
        "pk": 29, 
        "model": "journal.type", 
        "fields": {
            "description": "R\u00e9gions : Franche-Comt\u00e9", 
            "title": "Franche-Comt\u00e9"
        }
    }, 
    {
        "pk": 30, 
        "model": "journal.type", 
        "fields": {
            "description": "R\u00e9gions : Picardie", 
            "title": "Picardie"
        }
    }, 
    {
        "pk": 31, 
        "model": "journal.type", 
        "fields": {
            "description": "R\u00e9gions : Poitou-Charentes", 
            "title": "Poitou-Charentes"
        }
    }, 
    {
        "pk": 32, 
        "model": "journal.type", 
        "fields": {
            "description": "R\u00e9gions : Provence-Alpes-C\u00f4te d'Azur", 
            "title": "Provence-Alpes-C\u00f4te d'Azur"
        }
    }, 
    {
        "pk": 33, 
        "model": "journal.type", 
        "fields": {
            "description": "R\u00e9gions : Rh\u00f4ne-Alpes", 
            "title": "Rh\u00f4ne-Alpes"
        }
    }, 
    {
        "pk": 34, 
        "model": "journal.type", 
        "fields": {
            "description": "R\u00e9gions : Guadeloupe", 
            "title": "Guadeloupe"
        }
    }, 
    {
        "pk": 35, 
        "model": "journal.type", 
        "fields": {
            "description": "R\u00e9gions : Guyane", 
            "title": "Guyane"
        }
    }, 
    {
        "pk": 36, 
        "model": "journal.type", 
        "fields": {
            "description": "R\u00e9gions : Martinique", 
            "title": "Martinique"
        }
    }, 
    {
        "pk": 37, 
        "model": "journal.type", 
        "fields": {
            "description": "R\u00e9gions : R\u00e9union", 
            "title": "R\u00e9union"
        }
    },
    {
        "pk": 1, 
        "model": "journal.issue", 
        "fields": {
            "publication_date": "2008-09-08 11:46:40", 
            "number": 124, 
            "is_complete": 1
        }
    }, 
    {
        "pk": 2, 
        "model": "journal.issue", 
        "fields": {
            "publication_date": "2008-09-08 11:46:50", 
            "number": 125, 
            "is_complete": 1
        }
    }, 
    {
        "pk": 3, 
        "model": "journal.issue", 
        "fields": {
            "publication_date": "2008-09-08 11:47:00", 
            "number": 126, 
            "is_complete": 1
        }
    }, 
    {
        "pk": 1, 
        "model": "journal.page", 
        "fields": {
            "category": 1, 
            "articles": [], 
            "modification_date": "2008-09-08 11:46:42", 
            "reportage": null, 
            "creation_date": "2008-09-08 11:46:42", 
            "illustration": null, 
            "issue": 1, 
            "is_complete": 0
        }
    }, 
    {
        "pk": 2, 
        "model": "journal.page", 
        "fields": {
            "category": 2, 
            "articles": [], 
            "modification_date": "2008-09-08 11:46:42", 
            "reportage": null, 
            "creation_date": "2008-09-08 11:46:42", 
            "illustration": null, 
            "issue": 1, 
            "is_complete": 0
        }
    }, 
    {
        "pk": 3, 
        "model": "journal.page", 
        "fields": {
            "category": 3, 
            "articles": [], 
            "modification_date": "2008-09-08 11:46:42", 
            "reportage": null, 
            "creation_date": "2008-09-08 11:46:42", 
            "illustration": null, 
            "issue": 1, 
            "is_complete": 0
        }
    }, 
    {
        "pk": 4, 
        "model": "journal.page", 
        "fields": {
            "category": 4, 
            "articles": [], 
            "modification_date": "2008-09-08 11:46:42", 
            "reportage": null, 
            "creation_date": "2008-09-08 11:46:42", 
            "illustration": null, 
            "issue": 1, 
            "is_complete": 0
        }
    }, 
    {
        "pk": 5, 
        "model": "journal.page", 
        "fields": {
            "category": 5, 
            "articles": [], 
            "modification_date": "2008-09-08 11:46:42", 
            "reportage": null, 
            "creation_date": "2008-09-08 11:46:42", 
            "illustration": null, 
            "issue": 1, 
            "is_complete": 0
        }
    }, 
    {
        "pk": 6, 
        "model": "journal.page", 
        "fields": {
            "category": 6, 
            "articles": [], 
            "modification_date": "2008-09-08 11:46:42", 
            "reportage": null, 
            "creation_date": "2008-09-08 11:46:42", 
            "illustration": null, 
            "issue": 1, 
            "is_complete": 0
        }
    }, 
    {
        "pk": 7, 
        "model": "journal.page", 
        "fields": {
            "category": 7, 
            "articles": [], 
            "modification_date": "2008-09-08 11:46:42", 
            "reportage": null, 
            "creation_date": "2008-09-08 11:46:42", 
            "illustration": null, 
            "issue": 1, 
            "is_complete": 0
        }
    }, 
    {
        "pk": 8, 
        "model": "journal.page", 
        "fields": {
            "category": 8, 
            "articles": [], 
            "modification_date": "2008-09-08 11:46:42", 
            "reportage": null, 
            "creation_date": "2008-09-08 11:46:42", 
            "illustration": null, 
            "issue": 1, 
            "is_complete": 0
        }
    }, 
    {
        "pk": 9, 
        "model": "journal.page", 
        "fields": {
            "category": 9, 
            "articles": [], 
            "modification_date": "2008-09-08 11:46:42", 
            "reportage": null, 
            "creation_date": "2008-09-08 11:46:42", 
            "illustration": null, 
            "issue": 1, 
            "is_complete": 0
        }
    }, 
    {
        "pk": 10, 
        "model": "journal.page", 
        "fields": {
            "category": 10, 
            "articles": [], 
            "modification_date": "2008-09-08 11:46:42", 
            "reportage": null, 
            "creation_date": "2008-09-08 11:46:42", 
            "illustration": null, 
            "issue": 1, 
            "is_complete": 0
        }
    }, 
    {
        "pk": 11, 
        "model": "journal.page", 
        "fields": {
            "category": 11, 
            "articles": [], 
            "modification_date": "2008-09-08 11:46:42", 
            "reportage": null, 
            "creation_date": "2008-09-08 11:46:42", 
            "illustration": null, 
            "issue": 1, 
            "is_complete": 0
        }
    }, 
    {
        "pk": 12, 
        "model": "journal.page", 
        "fields": {
            "category": 12, 
            "articles": [], 
            "modification_date": "2008-09-08 11:46:42", 
            "reportage": null, 
            "creation_date": "2008-09-08 11:46:42", 
            "illustration": null, 
            "issue": 1, 
            "is_complete": 0
        }
    }, 
    {
        "pk": 13, 
        "model": "journal.page", 
        "fields": {
            "category": 13, 
            "articles": [], 
            "modification_date": "2008-09-08 11:46:42", 
            "reportage": null, 
            "creation_date": "2008-09-08 11:46:42", 
            "illustration": null, 
            "issue": 1, 
            "is_complete": 0
        }
    }, 
    {
        "pk": 14, 
        "model": "journal.page", 
        "fields": {
            "category": 14, 
            "articles": [], 
            "modification_date": "2008-09-08 11:46:42", 
            "reportage": null, 
            "creation_date": "2008-09-08 11:46:42", 
            "illustration": null, 
            "issue": 1, 
            "is_complete": 0
        }
    }, 
    {
        "pk": 15, 
        "model": "journal.page", 
        "fields": {
            "category": 15, 
            "articles": [], 
            "modification_date": "2008-09-08 11:46:42", 
            "reportage": null, 
            "creation_date": "2008-09-08 11:46:42", 
            "illustration": null, 
            "issue": 1, 
            "is_complete": 0
        }
    }, 
    {
        "pk": 16, 
        "model": "journal.page", 
        "fields": {
            "category": 1, 
            "articles": [], 
            "modification_date": "2008-09-08 11:46:52", 
            "reportage": null, 
            "creation_date": "2008-09-08 11:46:52", 
            "illustration": null, 
            "issue": 2, 
            "is_complete": 0
        }
    }, 
    {
        "pk": 17, 
        "model": "journal.page", 
        "fields": {
            "category": 2, 
            "articles": [], 
            "modification_date": "2008-09-08 11:46:52", 
            "reportage": null, 
            "creation_date": "2008-09-08 11:46:52", 
            "illustration": null, 
            "issue": 2, 
            "is_complete": 0
        }
    }, 
    {
        "pk": 18, 
        "model": "journal.page", 
        "fields": {
            "category": 3, 
            "articles": [], 
            "modification_date": "2008-09-08 11:46:52", 
            "reportage": null, 
            "creation_date": "2008-09-08 11:46:52", 
            "illustration": null, 
            "issue": 2, 
            "is_complete": 0
        }
    }, 
    {
        "pk": 19, 
        "model": "journal.page", 
        "fields": {
            "category": 4, 
            "articles": [], 
            "modification_date": "2008-09-08 11:46:52", 
            "reportage": null, 
            "creation_date": "2008-09-08 11:46:52", 
            "illustration": null, 
            "issue": 2, 
            "is_complete": 0
        }
    }, 
    {
        "pk": 20, 
        "model": "journal.page", 
        "fields": {
            "category": 5, 
            "articles": [], 
            "modification_date": "2008-09-08 11:46:52", 
            "reportage": null, 
            "creation_date": "2008-09-08 11:46:52", 
            "illustration": null, 
            "issue": 2, 
            "is_complete": 0
        }
    }, 
    {
        "pk": 21, 
        "model": "journal.page", 
        "fields": {
            "category": 6, 
            "articles": [], 
            "modification_date": "2008-09-08 11:46:52", 
            "reportage": null, 
            "creation_date": "2008-09-08 11:46:52", 
            "illustration": null, 
            "issue": 2, 
            "is_complete": 0
        }
    }, 
    {
        "pk": 22, 
        "model": "journal.page", 
        "fields": {
            "category": 7, 
            "articles": [], 
            "modification_date": "2008-09-08 11:46:52", 
            "reportage": null, 
            "creation_date": "2008-09-08 11:46:52", 
            "illustration": null, 
            "issue": 2, 
            "is_complete": 0
        }
    }, 
    {
        "pk": 23, 
        "model": "journal.page", 
        "fields": {
            "category": 8, 
            "articles": [], 
            "modification_date": "2008-09-08 11:46:52", 
            "reportage": null, 
            "creation_date": "2008-09-08 11:46:52", 
            "illustration": null, 
            "issue": 2, 
            "is_complete": 0
        }
    }, 
    {
        "pk": 24, 
        "model": "journal.page", 
        "fields": {
            "category": 9, 
            "articles": [], 
            "modification_date": "2008-09-08 11:46:52", 
            "reportage": null, 
            "creation_date": "2008-09-08 11:46:52", 
            "illustration": null, 
            "issue": 2, 
            "is_complete": 0
        }
    }, 
    {
        "pk": 25, 
        "model": "journal.page", 
        "fields": {
            "category": 10, 
            "articles": [], 
            "modification_date": "2008-09-08 11:46:52", 
            "reportage": null, 
            "creation_date": "2008-09-08 11:46:52", 
            "illustration": null, 
            "issue": 2, 
            "is_complete": 0
        }
    }, 
    {
        "pk": 26, 
        "model": "journal.page", 
        "fields": {
            "category": 11, 
            "articles": [], 
            "modification_date": "2008-09-08 11:46:52", 
            "reportage": null, 
            "creation_date": "2008-09-08 11:46:52", 
            "illustration": null, 
            "issue": 2, 
            "is_complete": 0
        }
    }, 
    {
        "pk": 27, 
        "model": "journal.page", 
        "fields": {
            "category": 12, 
            "articles": [], 
            "modification_date": "2008-09-08 11:46:52", 
            "reportage": null, 
            "creation_date": "2008-09-08 11:46:52", 
            "illustration": null, 
            "issue": 2, 
            "is_complete": 0
        }
    }, 
    {
        "pk": 28, 
        "model": "journal.page", 
        "fields": {
            "category": 13, 
            "articles": [], 
            "modification_date": "2008-09-08 11:46:52", 
            "reportage": null, 
            "creation_date": "2008-09-08 11:46:52", 
            "illustration": null, 
            "issue": 2, 
            "is_complete": 0
        }
    }, 
    {
        "pk": 29, 
        "model": "journal.page", 
        "fields": {
            "category": 14, 
            "articles": [], 
            "modification_date": "2008-09-08 11:46:52", 
            "reportage": null, 
            "creation_date": "2008-09-08 11:46:52", 
            "illustration": null, 
            "issue": 2, 
            "is_complete": 0
        }
    }, 
    {
        "pk": 30, 
        "model": "journal.page", 
        "fields": {
            "category": 15, 
            "articles": [], 
            "modification_date": "2008-09-08 11:46:52", 
            "reportage": null, 
            "creation_date": "2008-09-08 11:46:52", 
            "illustration": null, 
            "issue": 2, 
            "is_complete": 0
        }
    }, 
    {
        "pk": 31, 
        "model": "journal.page", 
        "fields": {
            "category": 1, 
            "articles": [], 
            "modification_date": "2008-09-08 11:47:04", 
            "reportage": null, 
            "creation_date": "2008-09-08 11:47:04", 
            "illustration": null, 
            "issue": 3, 
            "is_complete": 0
        }
    }, 
    {
        "pk": 32, 
        "model": "journal.page", 
        "fields": {
            "category": 2, 
            "articles": [], 
            "modification_date": "2008-09-08 11:47:04", 
            "reportage": null, 
            "creation_date": "2008-09-08 11:47:04", 
            "illustration": null, 
            "issue": 3, 
            "is_complete": 0
        }
    }, 
    {
        "pk": 33, 
        "model": "journal.page", 
        "fields": {
            "category": 3, 
            "articles": [], 
            "modification_date": "2008-09-08 11:47:04", 
            "reportage": null, 
            "creation_date": "2008-09-08 11:47:04", 
            "illustration": null, 
            "issue": 3, 
            "is_complete": 0
        }
    }, 
    {
        "pk": 34, 
        "model": "journal.page", 
        "fields": {
            "category": 4, 
            "articles": [], 
            "modification_date": "2008-09-08 11:47:04", 
            "reportage": null, 
            "creation_date": "2008-09-08 11:47:04", 
            "illustration": null, 
            "issue": 3, 
            "is_complete": 0
        }
    }, 
    {
        "pk": 35, 
        "model": "journal.page", 
        "fields": {
            "category": 5, 
            "articles": [], 
            "modification_date": "2008-09-08 11:47:04", 
            "reportage": null, 
            "creation_date": "2008-09-08 11:47:04", 
            "illustration": null, 
            "issue": 3, 
            "is_complete": 0
        }
    }, 
    {
        "pk": 36, 
        "model": "journal.page", 
        "fields": {
            "category": 6, 
            "articles": [], 
            "modification_date": "2008-09-08 11:47:04", 
            "reportage": null, 
            "creation_date": "2008-09-08 11:47:04", 
            "illustration": null, 
            "issue": 3, 
            "is_complete": 0
        }
    }, 
    {
        "pk": 37, 
        "model": "journal.page", 
        "fields": {
            "category": 7, 
            "articles": [], 
            "modification_date": "2008-09-08 11:47:04", 
            "reportage": null, 
            "creation_date": "2008-09-08 11:47:04", 
            "illustration": null, 
            "issue": 3, 
            "is_complete": 0
        }
    }, 
    {
        "pk": 38, 
        "model": "journal.page", 
        "fields": {
            "category": 8, 
            "articles": [], 
            "modification_date": "2008-09-08 11:47:04", 
            "reportage": null, 
            "creation_date": "2008-09-08 11:47:04", 
            "illustration": null, 
            "issue": 3, 
            "is_complete": 0
        }
    }, 
    {
        "pk": 39, 
        "model": "journal.page", 
        "fields": {
            "category": 9, 
            "articles": [], 
            "modification_date": "2008-09-08 11:47:04", 
            "reportage": null, 
            "creation_date": "2008-09-08 11:47:04", 
            "illustration": null, 
            "issue": 3, 
            "is_complete": 0
        }
    }, 
    {
        "pk": 40, 
        "model": "journal.page", 
        "fields": {
            "category": 10, 
            "articles": [], 
            "modification_date": "2008-09-08 11:47:04", 
            "reportage": null, 
            "creation_date": "2008-09-08 11:47:04", 
            "illustration": null, 
            "issue": 3, 
            "is_complete": 0
        }
    }, 
    {
        "pk": 41, 
        "model": "journal.page", 
        "fields": {
            "category": 11, 
            "articles": [], 
            "modification_date": "2008-09-08 11:47:04", 
            "reportage": null, 
            "creation_date": "2008-09-08 11:47:04", 
            "illustration": null, 
            "issue": 3, 
            "is_complete": 0
        }
    }, 
    {
        "pk": 42, 
        "model": "journal.page", 
        "fields": {
            "category": 12, 
            "articles": [], 
            "modification_date": "2008-09-08 11:47:04", 
            "reportage": null, 
            "creation_date": "2008-09-08 11:47:04", 
            "illustration": null, 
            "issue": 3, 
            "is_complete": 0
        }
    }, 
    {
        "pk": 43, 
        "model": "journal.page", 
        "fields": {
            "category": 13, 
            "articles": [], 
            "modification_date": "2008-09-08 11:47:04", 
            "reportage": null, 
            "creation_date": "2008-09-08 11:47:04", 
            "illustration": null, 
            "issue": 3, 
            "is_complete": 0
        }
    }, 
    {
        "pk": 44, 
        "model": "journal.page", 
        "fields": {
            "category": 14, 
            "articles": [], 
            "modification_date": "2008-09-08 11:47:04", 
            "reportage": null, 
            "creation_date": "2008-09-08 11:47:04", 
            "illustration": null, 
            "issue": 3, 
            "is_complete": 0
        }
    }, 
    {
        "pk": 45, 
        "model": "journal.page", 
        "fields": {
            "category": 15, 
            "articles": [], 
            "modification_date": "2008-09-08 11:47:04", 
            "reportage": null, 
            "creation_date": "2008-09-08 11:47:04", 
            "illustration": null, 
            "issue": 3, 
            "is_complete": 0
        }
    }
]
