[
    {
        "pk": 1, 
        "model": "positions.categoryposition", 
        "fields": {
            "name": "Cadre haut", 
            "slug": "cadre-haut"
        }
    }, 
    {
        "pk": 2, 
        "model": "positions.categoryposition", 
        "fields": {
            "name": "Cadre bas", 
            "slug": "cadre-bas"
        }
    }, 
    {
        "pk": 3, 
        "model": "positions.categoryposition", 
        "fields": {
            "name": "Post-it", 
            "slug": "post-it"
        }
    }, 
    {
        "pk": 4, 
        "model": "positions.categoryposition", 
        "fields": {
            "name": "Punaise -- ligne 1 -- gauche", 
            "slug": "punaise-ligne-1-gauche"
        }
    }, 
    {
        "pk": 5, 
        "model": "positions.categoryposition", 
        "fields": {
            "name": "Punaise -- ligne 1 -- droite", 
            "slug": "punaise-ligne-1-droite"
        }
    }, 
    {
        "pk": 6, 
        "model": "positions.categoryposition", 
        "fields": {
            "name": "Punaise -- ligne 2 -- gauche", 
            "slug": "punaise-ligne-2-gauche"
        }
    }, 
    {
        "pk": 7, 
        "model": "positions.categoryposition", 
        "fields": {
            "name": "Punaise -- ligne 2 -- droite", 
            "slug": "punaise-ligne-2-droite"
        }
    }, 
    {
        "pk": 8, 
        "model": "positions.categoryposition", 
        "fields": {
            "name": "Punaise -- ligne 3 -- gauche", 
            "slug": "punaise-ligne-3-gauche"
        }
    }, 
    {
        "pk": 9, 
        "model": "positions.categoryposition", 
        "fields": {
            "name": "Punaise -- ligne 3 -- droite", 
            "slug": "punaise-ligne-3-droite"
        }
    }, 
    {
        "pk": 10, 
        "model": "positions.categoryposition", 
        "fields": {
            "name": "Punaise -- ligne 4 -- gauche", 
            "slug": "punaise-ligne-4-gauche"
        }
    }, 
    {
        "pk": 11, 
        "model": "positions.categoryposition", 
        "fields": {
            "name": "Punaise -- ligne 4 -- droite", 
            "slug": "punaise-ligne-4-droite"
        }
    }, 
    {
        "pk": 12, 
        "model": "positions.categoryposition", 
        "fields": {
            "name": "Scotch", 
            "slug": "scotch"
        }
    }, 
    {
        "pk": 1, 
        "model": "positions.noteposition", 
        "fields": {
            "name": "Post-it", 
            "slug": "post-it"
        }
    }, 
    {
        "pk": 2, 
        "model": "positions.noteposition", 
        "fields": {
            "name": "Punaise -- ligne 1 -- gauche", 
            "slug": "punaise-ligne-1-gauche"
        }
    }, 
    {
        "pk": 3, 
        "model": "positions.noteposition", 
        "fields": {
            "name": "Punaise -- ligne 1 -- droite", 
            "slug": "punaise-ligne-1-droite"
        }
    }, 
    {
        "pk": 4, 
        "model": "positions.noteposition", 
        "fields": {
            "name": "Punaise -- ligne 2 -- gauche", 
            "slug": "punaise-ligne-2-gauche"
        }
    }, 
    {
        "pk": 5, 
        "model": "positions.noteposition", 
        "fields": {
            "name": "Punaise -- ligne 2 -- droite", 
            "slug": "punaise-ligne-2-droite"
        }
    }, 
    {
        "pk": 6, 
        "model": "positions.noteposition", 
        "fields": {
            "name": "Accord\u00e9on -- ligne 1", 
            "slug": "accordeon-ligne-1"
        }
    }, 
    {
        "pk": 7, 
        "model": "positions.noteposition", 
        "fields": {
            "name": "Accord\u00e9on -- ligne 2", 
            "slug": "accordeon-ligne-2"
        }
    }, 
    {
        "pk": 8, 
        "model": "positions.noteposition", 
        "fields": {
            "name": "Accord\u00e9on -- ligne 3", 
            "slug": "accordeon-ligne-3"
        }
    }, 
    {
        "pk": 9, 
        "model": "positions.noteposition", 
        "fields": {
            "name": "Accord\u00e9on -- ligne 4", 
            "slug": "accordeon-ligne-4"
        }
    }, 
    {
        "pk": 10, 
        "model": "positions.noteposition", 
        "fields": {
            "name": "Accord\u00e9on -- ligne 5", 
            "slug": "accordeon-ligne-5"
        }
    }, 
    {
        "pk": 1, 
        "model": "positions.defaultcategoryposition", 
        "fields": {
            "category": 1, 
            "position": 1
        }
    }, 
    {
        "pk": 2, 
        "model": "positions.defaultcategoryposition", 
        "fields": {
            "category": 2, 
            "position": 2
        }
    }, 
    {
        "pk": 3, 
        "model": "positions.defaultcategoryposition", 
        "fields": {
            "category": 7, 
            "position": 3
        }
    }, 
    {
        "pk": 4, 
        "model": "positions.defaultcategoryposition", 
        "fields": {
            "category": 3, 
            "position": 4
        }
    }, 
    {
        "pk": 5, 
        "model": "positions.defaultcategoryposition", 
        "fields": {
            "category": 8, 
            "position": 5
        }
    }, 
    {
        "pk": 6, 
        "model": "positions.defaultcategoryposition", 
        "fields": {
            "category": 4, 
            "position": 6
        }
    }, 
    {
        "pk": 7, 
        "model": "positions.defaultcategoryposition", 
        "fields": {
            "category": 6, 
            "position": 7
        }
    }, 
    {
        "pk": 8, 
        "model": "positions.defaultcategoryposition", 
        "fields": {
            "category": 5, 
            "position": 8
        }
    }, 
    {
        "pk": 9, 
        "model": "positions.defaultcategoryposition", 
        "fields": {
            "category": 9, 
            "position": 9
        }
    }, 
    {
        "pk": 10, 
        "model": "positions.defaultcategoryposition", 
        "fields": {
            "category": 13, 
            "position": 12
        }
    }, 
    {
        "pk": 11, 
        "model": "positions.defaultcategoryposition", 
        "fields": {
            "category": 10, 
            "position": null
        }
    }, 
    {
        "pk": 12, 
        "model": "positions.defaultcategoryposition", 
        "fields": {
            "category": 11, 
            "position": null
        }
    }, 
    {
        "pk": 13, 
        "model": "positions.defaultcategoryposition", 
        "fields": {
            "category": 12, 
            "position": 10
        }
    }, 
    {
        "pk": 1, 
        "model": "positions.defaultnoteposition", 
        "fields": {
            "category": 1, 
            "position": 1, 
            "type": 1
        }
    }, 
    {
        "pk": 2, 
        "model": "positions.defaultnoteposition", 
        "fields": {
            "category": 1, 
            "position": 2, 
            "type": 2
        }
    }, 
    {
        "pk": 3, 
        "model": "positions.defaultnoteposition", 
        "fields": {
            "category": 1, 
            "position": 3, 
            "type": 3
        }
    }, 
    {
        "pk": 4, 
        "model": "positions.defaultnoteposition", 
        "fields": {
            "category": 1, 
            "position": 4, 
            "type": 4
        }
    }, 
    {
        "pk": 5, 
        "model": "positions.defaultnoteposition", 
        "fields": {
            "category": 1, 
            "position": 5, 
            "type": 5
        }
    }, 
    {
        "pk": 6, 
        "model": "positions.defaultnoteposition", 
        "fields": {
            "category": 1, 
            "position": 6, 
            "type": 6
        }
    }, 
    {
        "pk": 7, 
        "model": "positions.defaultnoteposition", 
        "fields": {
            "category": 1, 
            "position": 7, 
            "type": 7
        }
    }, 
    {
        "pk": 8, 
        "model": "positions.defaultnoteposition", 
        "fields": {
            "category": 1, 
            "position": 8, 
            "type": 8
        }
    }, 
    {
        "pk": 9, 
        "model": "positions.defaultnoteposition", 
        "fields": {
            "category": 1, 
            "position": 9, 
            "type": 9
        }
    }, 
    {
        "pk": 10, 
        "model": "positions.defaultnoteposition", 
        "fields": {
            "category": 1, 
            "position": 10, 
            "type": 10
        }
    }, 
    {
        "pk": 11, 
        "model": "positions.defaultnoteposition", 
        "fields": {
            "category": 2, 
            "position": 1, 
            "type": 1
        }
    }, 
    {
        "pk": 12, 
        "model": "positions.defaultnoteposition", 
        "fields": {
            "category": 2, 
            "position": 2, 
            "type": 2
        }
    }, 
    {
        "pk": 13, 
        "model": "positions.defaultnoteposition", 
        "fields": {
            "category": 2, 
            "position": 3, 
            "type": 3
        }
    }, 
    {
        "pk": 14, 
        "model": "positions.defaultnoteposition", 
        "fields": {
            "category": 2, 
            "position": 4, 
            "type": 4
        }
    }, 
    {
        "pk": 15, 
        "model": "positions.defaultnoteposition", 
        "fields": {
            "category": 2, 
            "position": 5, 
            "type": 5
        }
    }, 
    {
        "pk": 16, 
        "model": "positions.defaultnoteposition", 
        "fields": {
            "category": 2, 
            "position": 6, 
            "type": 6
        }
    }, 
    {
        "pk": 17, 
        "model": "positions.defaultnoteposition", 
        "fields": {
            "category": 2, 
            "position": 7, 
            "type": 7
        }
    }, 
    {
        "pk": 18, 
        "model": "positions.defaultnoteposition", 
        "fields": {
            "category": 2, 
            "position": 8, 
            "type": 8
        }
    }, 
    {
        "pk": 19, 
        "model": "positions.defaultnoteposition", 
        "fields": {
            "category": 2, 
            "position": 9, 
            "type": 9
        }
    }, 
    {
        "pk": 20, 
        "model": "positions.defaultnoteposition", 
        "fields": {
            "category": 2, 
            "position": 10, 
            "type": 10
        }
    }, 
    {
        "pk": 21, 
        "model": "positions.defaultnoteposition", 
        "fields": {
            "category": 3, 
            "position": 1, 
            "type": 1
        }
    }, 
    {
        "pk": 22, 
        "model": "positions.defaultnoteposition", 
        "fields": {
            "category": 3, 
            "position": 2, 
            "type": 2
        }
    }, 
    {
        "pk": 23, 
        "model": "positions.defaultnoteposition", 
        "fields": {
            "category": 3, 
            "position": 3, 
            "type": 3
        }
    }, 
    {
        "pk": 24, 
        "model": "positions.defaultnoteposition", 
        "fields": {
            "category": 3, 
            "position": 4, 
            "type": 4
        }
    }, 
    {
        "pk": 25, 
        "model": "positions.defaultnoteposition", 
        "fields": {
            "category": 3, 
            "position": 5, 
            "type": 5
        }
    }, 
    {
        "pk": 26, 
        "model": "positions.defaultnoteposition", 
        "fields": {
            "category": 3, 
            "position": 6, 
            "type": 6
        }
    }, 
    {
        "pk": 27, 
        "model": "positions.defaultnoteposition", 
        "fields": {
            "category": 3, 
            "position": 7, 
            "type": 7
        }
    }, 
    {
        "pk": 28, 
        "model": "positions.defaultnoteposition", 
        "fields": {
            "category": 3, 
            "position": 8, 
            "type": 8
        }
    }, 
    {
        "pk": 29, 
        "model": "positions.defaultnoteposition", 
        "fields": {
            "category": 3, 
            "position": 9, 
            "type": 9
        }
    }, 
    {
        "pk": 30, 
        "model": "positions.defaultnoteposition", 
        "fields": {
            "category": 3, 
            "position": 10, 
            "type": 10
        }
    }, 
    {
        "pk": 31, 
        "model": "positions.defaultnoteposition", 
        "fields": {
            "category": 4, 
            "position": 1, 
            "type": 1
        }
    }, 
    {
        "pk": 32, 
        "model": "positions.defaultnoteposition", 
        "fields": {
            "category": 4, 
            "position": 2, 
            "type": 2
        }
    }, 
    {
        "pk": 33, 
        "model": "positions.defaultnoteposition", 
        "fields": {
            "category": 4, 
            "position": 3, 
            "type": 3
        }
    }, 
    {
        "pk": 34, 
        "model": "positions.defaultnoteposition", 
        "fields": {
            "category": 4, 
            "position": 4, 
            "type": 4
        }
    }, 
    {
        "pk": 35, 
        "model": "positions.defaultnoteposition", 
        "fields": {
            "category": 4, 
            "position": 5, 
            "type": 5
        }
    }, 
    {
        "pk": 36, 
        "model": "positions.defaultnoteposition", 
        "fields": {
            "category": 4, 
            "position": 6, 
            "type": 6
        }
    }, 
    {
        "pk": 37, 
        "model": "positions.defaultnoteposition", 
        "fields": {
            "category": 4, 
            "position": 7, 
            "type": 7
        }
    }, 
    {
        "pk": 38, 
        "model": "positions.defaultnoteposition", 
        "fields": {
            "category": 4, 
            "position": 8, 
            "type": 8
        }
    }, 
    {
        "pk": 39, 
        "model": "positions.defaultnoteposition", 
        "fields": {
            "category": 4, 
            "position": 9, 
            "type": 9
        }
    }, 
    {
        "pk": 40, 
        "model": "positions.defaultnoteposition", 
        "fields": {
            "category": 4, 
            "position": 10, 
            "type": 10
        }
    }, 
    {
        "pk": 41, 
        "model": "positions.defaultnoteposition", 
        "fields": {
            "category": 5, 
            "position": 1, 
            "type": 1
        }
    }, 
    {
        "pk": 42, 
        "model": "positions.defaultnoteposition", 
        "fields": {
            "category": 5, 
            "position": 2, 
            "type": 2
        }
    }, 
    {
        "pk": 43, 
        "model": "positions.defaultnoteposition", 
        "fields": {
            "category": 5, 
            "position": 3, 
            "type": 3
        }
    }, 
    {
        "pk": 44, 
        "model": "positions.defaultnoteposition", 
        "fields": {
            "category": 5, 
            "position": 4, 
            "type": 4
        }
    }, 
    {
        "pk": 45, 
        "model": "positions.defaultnoteposition", 
        "fields": {
            "category": 5, 
            "position": 5, 
            "type": 5
        }
    }, 
    {
        "pk": 46, 
        "model": "positions.defaultnoteposition", 
        "fields": {
            "category": 5, 
            "position": 6, 
            "type": 6
        }
    }, 
    {
        "pk": 47, 
        "model": "positions.defaultnoteposition", 
        "fields": {
            "category": 5, 
            "position": 7, 
            "type": 7
        }
    }, 
    {
        "pk": 48, 
        "model": "positions.defaultnoteposition", 
        "fields": {
            "category": 5, 
            "position": 8, 
            "type": 8
        }
    }, 
    {
        "pk": 49, 
        "model": "positions.defaultnoteposition", 
        "fields": {
            "category": 5, 
            "position": 9, 
            "type": 9
        }
    }, 
    {
        "pk": 50, 
        "model": "positions.defaultnoteposition", 
        "fields": {
            "category": 5, 
            "position": 10, 
            "type": 10
        }
    }, 
    {
        "pk": 51, 
        "model": "positions.defaultnoteposition", 
        "fields": {
            "category": 6, 
            "position": 1, 
            "type": 1
        }
    }, 
    {
        "pk": 52, 
        "model": "positions.defaultnoteposition", 
        "fields": {
            "category": 6, 
            "position": 2, 
            "type": 2
        }
    }, 
    {
        "pk": 53, 
        "model": "positions.defaultnoteposition", 
        "fields": {
            "category": 6, 
            "position": 3, 
            "type": 3
        }
    }, 
    {
        "pk": 54, 
        "model": "positions.defaultnoteposition", 
        "fields": {
            "category": 6, 
            "position": 4, 
            "type": 4
        }
    }, 
    {
        "pk": 55, 
        "model": "positions.defaultnoteposition", 
        "fields": {
            "category": 6, 
            "position": 5, 
            "type": 5
        }
    }, 
    {
        "pk": 56, 
        "model": "positions.defaultnoteposition", 
        "fields": {
            "category": 6, 
            "position": 6, 
            "type": 6
        }
    }, 
    {
        "pk": 57, 
        "model": "positions.defaultnoteposition", 
        "fields": {
            "category": 6, 
            "position": 7, 
            "type": 7
        }
    }, 
    {
        "pk": 58, 
        "model": "positions.defaultnoteposition", 
        "fields": {
            "category": 6, 
            "position": 8, 
            "type": 8
        }
    }, 
    {
        "pk": 59, 
        "model": "positions.defaultnoteposition", 
        "fields": {
            "category": 6, 
            "position": 9, 
            "type": 9
        }
    }, 
    {
        "pk": 60, 
        "model": "positions.defaultnoteposition", 
        "fields": {
            "category": 6, 
            "position": 10, 
            "type": 10
        }
    }, 
    {
        "pk": 61, 
        "model": "positions.defaultnoteposition", 
        "fields": {
            "category": 7, 
            "position": 1, 
            "type": 1
        }
    }, 
    {
        "pk": 62, 
        "model": "positions.defaultnoteposition", 
        "fields": {
            "category": 7, 
            "position": 2, 
            "type": 2
        }
    }, 
    {
        "pk": 63, 
        "model": "positions.defaultnoteposition", 
        "fields": {
            "category": 7, 
            "position": 3, 
            "type": 3
        }
    }, 
    {
        "pk": 64, 
        "model": "positions.defaultnoteposition", 
        "fields": {
            "category": 7, 
            "position": 4, 
            "type": 4
        }
    }, 
    {
        "pk": 65, 
        "model": "positions.defaultnoteposition", 
        "fields": {
            "category": 7, 
            "position": 5, 
            "type": 5
        }
    }, 
    {
        "pk": 66, 
        "model": "positions.defaultnoteposition", 
        "fields": {
            "category": 7, 
            "position": 6, 
            "type": 6
        }
    }, 
    {
        "pk": 67, 
        "model": "positions.defaultnoteposition", 
        "fields": {
            "category": 7, 
            "position": 7, 
            "type": 7
        }
    }, 
    {
        "pk": 68, 
        "model": "positions.defaultnoteposition", 
        "fields": {
            "category": 7, 
            "position": 8, 
            "type": 8
        }
    }, 
    {
        "pk": 69, 
        "model": "positions.defaultnoteposition", 
        "fields": {
            "category": 7, 
            "position": 9, 
            "type": 9
        }
    }, 
    {
        "pk": 70, 
        "model": "positions.defaultnoteposition", 
        "fields": {
            "category": 7, 
            "position": 10, 
            "type": 10
        }
    }, 
    {
        "pk": 71, 
        "model": "positions.defaultnoteposition", 
        "fields": {
            "category": 8, 
            "position": 1, 
            "type": 1
        }
    }, 
    {
        "pk": 72, 
        "model": "positions.defaultnoteposition", 
        "fields": {
            "category": 8, 
            "position": 2, 
            "type": 2
        }
    }, 
    {
        "pk": 73, 
        "model": "positions.defaultnoteposition", 
        "fields": {
            "category": 8, 
            "position": 3, 
            "type": 3
        }
    }, 
    {
        "pk": 74, 
        "model": "positions.defaultnoteposition", 
        "fields": {
            "category": 8, 
            "position": 4, 
            "type": 4
        }
    }, 
    {
        "pk": 75, 
        "model": "positions.defaultnoteposition", 
        "fields": {
            "category": 8, 
            "position": 5, 
            "type": 5
        }
    }, 
    {
        "pk": 76, 
        "model": "positions.defaultnoteposition", 
        "fields": {
            "category": 8, 
            "position": 6, 
            "type": 6
        }
    }, 
    {
        "pk": 77, 
        "model": "positions.defaultnoteposition", 
        "fields": {
            "category": 8, 
            "position": 7, 
            "type": 7
        }
    }, 
    {
        "pk": 78, 
        "model": "positions.defaultnoteposition", 
        "fields": {
            "category": 8, 
            "position": 8, 
            "type": 8
        }
    }, 
    {
        "pk": 79, 
        "model": "positions.defaultnoteposition", 
        "fields": {
            "category": 8, 
            "position": 9, 
            "type": 9
        }
    }, 
    {
        "pk": 80, 
        "model": "positions.defaultnoteposition", 
        "fields": {
            "category": 8, 
            "position": 10, 
            "type": 10
        }
    }, 
    {
        "pk": 81, 
        "model": "positions.defaultnoteposition", 
        "fields": {
            "category": 9, 
            "position": 1, 
            "type": 1
        }
    }, 
    {
        "pk": 82, 
        "model": "positions.defaultnoteposition", 
        "fields": {
            "category": 9, 
            "position": 2, 
            "type": 2
        }
    }, 
    {
        "pk": 83, 
        "model": "positions.defaultnoteposition", 
        "fields": {
            "category": 9, 
            "position": 3, 
            "type": 3
        }
    }, 
    {
        "pk": 84, 
        "model": "positions.defaultnoteposition", 
        "fields": {
            "category": 9, 
            "position": 4, 
            "type": 4
        }
    }, 
    {
        "pk": 85, 
        "model": "positions.defaultnoteposition", 
        "fields": {
            "category": 9, 
            "position": 5, 
            "type": 5
        }
    }, 
    {
        "pk": 86, 
        "model": "positions.defaultnoteposition", 
        "fields": {
            "category": 9, 
            "position": 6, 
            "type": 6
        }
    }, 
    {
        "pk": 87, 
        "model": "positions.defaultnoteposition", 
        "fields": {
            "category": 9, 
            "position": 7, 
            "type": 7
        }
    }, 
    {
        "pk": 88, 
        "model": "positions.defaultnoteposition", 
        "fields": {
            "category": 9, 
            "position": 8, 
            "type": 8
        }
    }, 
    {
        "pk": 89, 
        "model": "positions.defaultnoteposition", 
        "fields": {
            "category": 9, 
            "position": 9, 
            "type": 9
        }
    }, 
    {
        "pk": 90, 
        "model": "positions.defaultnoteposition", 
        "fields": {
            "category": 9, 
            "position": 10, 
            "type": 10
        }
    }
]
