[
    {
        "pk": 1, 
        "model": "positions.categoryposition", 
        "fields": {
            "name": "Cadre haut", 
            "slug": "cadre-haut"
        }
    }, 
    {
        "pk": 2, 
        "model": "positions.categoryposition", 
        "fields": {
            "name": "Cadre bas", 
            "slug": "cadre-bas"
        }
    }, 
    {
        "pk": 3, 
        "model": "positions.categoryposition", 
        "fields": {
            "name": "Post-it", 
            "slug": "post-it"
        }
    }, 
    {
        "pk": 4, 
        "model": "positions.categoryposition", 
        "fields": {
            "name": "Punaise -- ligne 1 -- gauche", 
            "slug": "punaise-ligne-1-gauche"
        }
    }, 
    {
        "pk": 5, 
        "model": "positions.categoryposition", 
        "fields": {
            "name": "Punaise -- ligne 1 -- droite", 
            "slug": "punaise-ligne-1-droite"
        }
    }, 
    {
        "pk": 6, 
        "model": "positions.categoryposition", 
        "fields": {
            "name": "Punaise -- ligne 2 -- gauche", 
            "slug": "punaise-ligne-2-gauche"
        }
    }, 
    {
        "pk": 7, 
        "model": "positions.categoryposition", 
        "fields": {
            "name": "Punaise -- ligne 2 -- droite", 
            "slug": "punaise-ligne-2-droite"
        }
    }, 
    {
        "pk": 8, 
        "model": "positions.categoryposition", 
        "fields": {
            "name": "Punaise -- ligne 3 -- gauche", 
            "slug": "punaise-ligne-3-gauche"
        }
    }, 
    {
        "pk": 9, 
        "model": "positions.categoryposition", 
        "fields": {
            "name": "Punaise -- ligne 3 -- droite", 
            "slug": "punaise-ligne-3-droite"
        }
    }, 
    {
        "pk": 10, 
        "model": "positions.categoryposition", 
        "fields": {
            "name": "Punaise -- ligne 4 -- gauche", 
            "slug": "punaise-ligne-4-gauche"
        }
    }, 
    {
        "pk": 12, 
        "model": "positions.categoryposition", 
        "fields": {
            "name": "Scotch", 
            "slug": "scotch"
        }
    }, 
    {
        "pk": 1, 
        "model": "positions.noteposition", 
        "fields": {
            "name": "Post-it", 
            "slug": "post-it"
        }
    }, 
    {
        "pk": 2, 
        "model": "positions.noteposition", 
        "fields": {
            "name": "Punaise -- ligne 1 -- gauche", 
            "slug": "punaise-ligne-1-gauche"
        }
    }, 
    {
        "pk": 3, 
        "model": "positions.noteposition", 
        "fields": {
            "name": "Punaise -- ligne 1 -- droite", 
            "slug": "punaise-ligne-1-droite"
        }
    }, 
    {
        "pk": 4, 
        "model": "positions.noteposition", 
        "fields": {
            "name": "Punaise -- ligne 2 -- gauche", 
            "slug": "punaise-ligne-2-gauche"
        }
    }, 
    {
        "pk": 5, 
        "model": "positions.noteposition", 
        "fields": {
            "name": "Punaise -- ligne 2 -- droite", 
            "slug": "punaise-ligne-2-droite"
        }
    }, 
    {
        "pk": 6, 
        "model": "positions.noteposition", 
        "fields": {
            "name": "Accord\u00e9on -- ligne 1", 
            "slug": "accordeon-ligne-1"
        }
    }, 
    {
        "pk": 7, 
        "model": "positions.noteposition", 
        "fields": {
            "name": "Accord\u00e9on -- ligne 2", 
            "slug": "accordeon-ligne-2"
        }
    }, 
    {
        "pk": 8, 
        "model": "positions.noteposition", 
        "fields": {
            "name": "Accord\u00e9on -- ligne 3", 
            "slug": "accordeon-ligne-3"
        }
    }, 
    {
        "pk": 9, 
        "model": "positions.noteposition", 
        "fields": {
            "name": "Accord\u00e9on -- ligne 4", 
            "slug": "accordeon-ligne-4"
        }
    }, 
    {
        "pk": 10, 
        "model": "positions.noteposition", 
        "fields": {
            "name": "Accord\u00e9on -- ligne 5", 
            "slug": "accordeon-ligne-5"
        }
    }, 
    {
        "pk": 1, 
        "model": "positions.defaultcategoryposition", 
        "fields": {
            "category": 1, 
            "position": 1
        }
    }, 
    {
        "pk": 2, 
        "model": "positions.defaultcategoryposition", 
        "fields": {
            "category": 2, 
            "position": 2
        }
    }, 
    {
        "pk": 3, 
        "model": "positions.defaultcategoryposition", 
        "fields": {
            "category": 7, 
            "position": 3
        }
    }, 
    {
        "pk": 4, 
        "model": "positions.defaultcategoryposition", 
        "fields": {
            "category": 3, 
            "position": 4
        }
    }, 
    {
        "pk": 5, 
        "model": "positions.defaultcategoryposition", 
        "fields": {
            "category": 8, 
            "position": 5
        }
    }, 
    {
        "pk": 6, 
        "model": "positions.defaultcategoryposition", 
        "fields": {
            "category": 4, 
            "position": 6
        }
    }, 
    {
        "pk": 7, 
        "model": "positions.defaultcategoryposition", 
        "fields": {
            "category": 6, 
            "position": 7
        }
    }, 
    {
        "pk": 8, 
        "model": "positions.defaultcategoryposition", 
        "fields": {
            "category": 5, 
            "position": 8
        }
    }, 
    {
        "pk": 9, 
        "model": "positions.defaultcategoryposition", 
        "fields": {
            "category": 9, 
            "position": 9
        }
    }, 
    {
        "pk": 10, 
        "model": "positions.defaultcategoryposition", 
        "fields": {
            "category": 13, 
            "position": 12
        }
    }, 
    {
        "pk": 13, 
        "model": "positions.defaultcategoryposition", 
        "fields": {
            "category": 12, 
            "position": 10
        }
    }, 
    {
        "pk": 1, 
        "model": "positions.defaultnoteposition", 
        "fields": {
            "category": 1, 
            "position": 1, 
            "type": 1
        }
    }, 
    {
        "pk": 2, 
        "model": "positions.defaultnoteposition", 
        "fields": {
            "category": 1, 
            "position": 2, 
            "type": 2
        }
    }, 
    {
        "pk": 3, 
        "model": "positions.defaultnoteposition", 
        "fields": {
            "category": 1, 
            "position": 3, 
            "type": 3
        }
    }, 
    {
        "pk": 4, 
        "model": "positions.defaultnoteposition", 
        "fields": {
            "category": 1, 
            "position": 4, 
            "type": 4
        }
    }, 
    {
        "pk": 5, 
        "model": "positions.defaultnoteposition", 
        "fields": {
            "category": 1, 
            "position": 5, 
            "type": 5
        }
    }, 
    {
        "pk": 6, 
        "model": "positions.defaultnoteposition", 
        "fields": {
            "category": 1, 
            "position": 6, 
            "type": 6
        }
    }, 
    {
        "pk": 7, 
        "model": "positions.defaultnoteposition", 
        "fields": {
            "category": 1, 
            "position": 7, 
            "type": 7
        }
    }, 
    {
        "pk": 8, 
        "model": "positions.defaultnoteposition", 
        "fields": {
            "category": 1, 
            "position": 8, 
            "type": 8
        }
    }, 
    {
        "pk": 9, 
        "model": "positions.defaultnoteposition", 
        "fields": {
            "category": 1, 
            "position": 9, 
            "type": 9
        }
    }, 
    {
        "pk": 10, 
        "model": "positions.defaultnoteposition", 
        "fields": {
            "category": 1, 
            "position": 10, 
            "type": 10
        }
    }, 
    {
        "pk": 11, 
        "model": "positions.defaultnoteposition", 
        "fields": {
            "category": 2, 
            "position": 1, 
            "type": 1
        }
    }, 
    {
        "pk": 12, 
        "model": "positions.defaultnoteposition", 
        "fields": {
            "category": 2, 
            "position": 2, 
            "type": 2
        }
    }, 
    {
        "pk": 13, 
        "model": "positions.defaultnoteposition", 
        "fields": {
            "category": 2, 
            "position": 3, 
            "type": 3
        }
    }, 
    {
        "pk": 14, 
        "model": "positions.defaultnoteposition", 
        "fields": {
            "category": 2, 
            "position": 4, 
            "type": 4
        }
    }, 
    {
        "pk": 15, 
        "model": "positions.defaultnoteposition", 
        "fields": {
            "category": 2, 
            "position": 5, 
            "type": 5
        }
    }, 
    {
        "pk": 16, 
        "model": "positions.defaultnoteposition", 
        "fields": {
            "category": 2, 
            "position": 6, 
            "type": 6
        }
    }, 
    {
        "pk": 17, 
        "model": "positions.defaultnoteposition", 
        "fields": {
            "category": 2, 
            "position": 7, 
            "type": 7
        }
    }, 
    {
        "pk": 18, 
        "model": "positions.defaultnoteposition", 
        "fields": {
            "category": 2, 
            "position": 8, 
            "type": 8
        }
    }, 
    {
        "pk": 19, 
        "model": "positions.defaultnoteposition", 
        "fields": {
            "category": 2, 
            "position": 9, 
            "type": 9
        }
    }, 
    {
        "pk": 20, 
        "model": "positions.defaultnoteposition", 
        "fields": {
            "category": 2, 
            "position": 10, 
            "type": 10
        }
    }, 
    {
        "pk": 21, 
        "model": "positions.defaultnoteposition", 
        "fields": {
            "category": 3, 
            "position": 1, 
            "type": 1
        }
    }, 
    {
        "pk": 22, 
        "model": "positions.defaultnoteposition", 
        "fields": {
            "category": 3, 
            "position": 2, 
            "type": 2
        }
    }, 
    {
        "pk": 23, 
        "model": "positions.defaultnoteposition", 
        "fields": {
            "category": 3, 
            "position": 3, 
            "type": 3
        }
    }, 
    {
        "pk": 24, 
        "model": "positions.defaultnoteposition", 
        "fields": {
            "category": 3, 
            "position": 4, 
            "type": 4
        }
    }, 
    {
        "pk": 25, 
        "model": "positions.defaultnoteposition", 
        "fields": {
            "category": 3, 
            "position": 5, 
            "type": 5
        }
    }, 
    {
        "pk": 26, 
        "model": "positions.defaultnoteposition", 
        "fields": {
            "category": 3, 
            "position": 6, 
            "type": 6
        }
    }, 
    {
        "pk": 27, 
        "model": "positions.defaultnoteposition", 
        "fields": {
            "category": 3, 
            "position": 7, 
            "type": 7
        }
    }, 
    {
        "pk": 28, 
        "model": "positions.defaultnoteposition", 
        "fields": {
            "category": 3, 
            "position": 8, 
            "type": 8
        }
    }, 
    {
        "pk": 29, 
        "model": "positions.defaultnoteposition", 
        "fields": {
            "category": 3, 
            "position": 9, 
            "type": 9
        }
    }, 
    {
        "pk": 30, 
        "model": "positions.defaultnoteposition", 
        "fields": {
            "category": 3, 
            "position": 10, 
            "type": 10
        }
    }, 
    {
        "pk": 31, 
        "model": "positions.defaultnoteposition", 
        "fields": {
            "category": 4, 
            "position": 1, 
            "type": 1
        }
    }, 
    {
        "pk": 32, 
        "model": "positions.defaultnoteposition", 
        "fields": {
            "category": 4, 
            "position": 2, 
            "type": 2
        }
    }, 
    {
        "pk": 33, 
        "model": "positions.defaultnoteposition", 
        "fields": {
            "category": 4, 
            "position": 3, 
            "type": 3
        }
    }, 
    {
        "pk": 34, 
        "model": "positions.defaultnoteposition", 
        "fields": {
            "category": 4, 
            "position": 4, 
            "type": 4
        }
    }, 
    {
        "pk": 35, 
        "model": "positions.defaultnoteposition", 
        "fields": {
            "category": 4, 
            "position": 5, 
            "type": 5
        }
    }, 
    {
        "pk": 36, 
        "model": "positions.defaultnoteposition", 
        "fields": {
            "category": 4, 
            "position": 6, 
            "type": 6
        }
    }, 
    {
        "pk": 37, 
        "model": "positions.defaultnoteposition", 
        "fields": {
            "category": 4, 
            "position": 7, 
            "type": 7
        }
    }, 
    {
        "pk": 38, 
        "model": "positions.defaultnoteposition", 
        "fields": {
            "category": 4, 
            "position": 8, 
            "type": 8
        }
    }, 
    {
        "pk": 39, 
        "model": "positions.defaultnoteposition", 
        "fields": {
            "category": 4, 
            "position": 9, 
            "type": 9
        }
    }, 
    {
        "pk": 40, 
        "model": "positions.defaultnoteposition", 
        "fields": {
            "category": 4, 
            "position": 10, 
            "type": 10
        }
    }, 
    {
        "pk": 41, 
        "model": "positions.defaultnoteposition", 
        "fields": {
            "category": 5, 
            "position": 1, 
            "type": 1
        }
    }, 
    {
        "pk": 42, 
        "model": "positions.defaultnoteposition", 
        "fields": {
            "category": 5, 
            "position": 2, 
            "type": 2
        }
    }, 
    {
        "pk": 43, 
        "model": "positions.defaultnoteposition", 
        "fields": {
            "category": 5, 
            "position": 3, 
            "type": 3
        }
    }, 
    {
        "pk": 44, 
        "model": "positions.defaultnoteposition", 
        "fields": {
            "category": 5, 
            "position": 4, 
            "type": 4
        }
    }, 
    {
        "pk": 45, 
        "model": "positions.defaultnoteposition", 
        "fields": {
            "category": 5, 
            "position": 5, 
            "type": 5
        }
    }, 
    {
        "pk": 46, 
        "model": "positions.defaultnoteposition", 
        "fields": {
            "category": 5, 
            "position": 6, 
            "type": 6
        }
    }, 
    {
        "pk": 47, 
        "model": "positions.defaultnoteposition", 
        "fields": {
            "category": 5, 
            "position": 7, 
            "type": 7
        }
    }, 
    {
        "pk": 48, 
        "model": "positions.defaultnoteposition", 
        "fields": {
            "category": 5, 
            "position": 8, 
            "type": 8
        }
    }, 
    {
        "pk": 49, 
        "model": "positions.defaultnoteposition", 
        "fields": {
            "category": 5, 
            "position": 9, 
            "type": 9
        }
    }, 
    {
        "pk": 50, 
        "model": "positions.defaultnoteposition", 
        "fields": {
            "category": 5, 
            "position": 10, 
            "type": 10
        }
    }, 
    {
        "pk": 51, 
        "model": "positions.defaultnoteposition", 
        "fields": {
            "category": 6, 
            "position": 1, 
            "type": 1
        }
    }, 
    {
        "pk": 52, 
        "model": "positions.defaultnoteposition", 
        "fields": {
            "category": 6, 
            "position": 2, 
            "type": 2
        }
    }, 
    {
        "pk": 53, 
        "model": "positions.defaultnoteposition", 
        "fields": {
            "category": 6, 
            "position": 3, 
            "type": 3
        }
    }, 
    {
        "pk": 54, 
        "model": "positions.defaultnoteposition", 
        "fields": {
            "category": 6, 
            "position": 4, 
            "type": 4
        }
    }, 
    {
        "pk": 55, 
        "model": "positions.defaultnoteposition", 
        "fields": {
            "category": 6, 
            "position": 5, 
            "type": 5
        }
    }, 
    {
        "pk": 56, 
        "model": "positions.defaultnoteposition", 
        "fields": {
            "category": 6, 
            "position": 6, 
            "type": 6
        }
    }, 
    {
        "pk": 57, 
        "model": "positions.defaultnoteposition", 
        "fields": {
            "category": 6, 
            "position": 7, 
            "type": 7
        }
    }, 
    {
        "pk": 58, 
        "model": "positions.defaultnoteposition", 
        "fields": {
            "category": 6, 
            "position": 8, 
            "type": 8
        }
    }, 
    {
        "pk": 59, 
        "model": "positions.defaultnoteposition", 
        "fields": {
            "category": 6, 
            "position": 9, 
            "type": 9
        }
    }, 
    {
        "pk": 60, 
        "model": "positions.defaultnoteposition", 
        "fields": {
            "category": 6, 
            "position": 10, 
            "type": 10
        }
    }, 
    {
        "pk": 61, 
        "model": "positions.defaultnoteposition", 
        "fields": {
            "category": 7, 
            "position": 1, 
            "type": 1
        }
    }, 
    {
        "pk": 62, 
        "model": "positions.defaultnoteposition", 
        "fields": {
            "category": 7, 
            "position": 2, 
            "type": 2
        }
    }, 
    {
        "pk": 63, 
        "model": "positions.defaultnoteposition", 
        "fields": {
            "category": 7, 
            "position": 3, 
            "type": 3
        }
    }, 
    {
        "pk": 64, 
        "model": "positions.defaultnoteposition", 
        "fields": {
            "category": 7, 
            "position": 4, 
            "type": 4
        }
    }, 
    {
        "pk": 65, 
        "model": "positions.defaultnoteposition", 
        "fields": {
            "category": 7, 
            "position": 5, 
            "type": 5
        }
    }, 
    {
        "pk": 66, 
        "model": "positions.defaultnoteposition", 
        "fields": {
            "category": 7, 
            "position": 6, 
            "type": 6
        }
    }, 
    {
        "pk": 67, 
        "model": "positions.defaultnoteposition", 
        "fields": {
            "category": 7, 
            "position": 7, 
            "type": 7
        }
    }, 
    {
        "pk": 68, 
        "model": "positions.defaultnoteposition", 
        "fields": {
            "category": 7, 
            "position": 8, 
            "type": 8
        }
    }, 
    {
        "pk": 69, 
        "model": "positions.defaultnoteposition", 
        "fields": {
            "category": 7, 
            "position": 9, 
            "type": 9
        }
    }, 
    {
        "pk": 70, 
        "model": "positions.defaultnoteposition", 
        "fields": {
            "category": 7, 
            "position": 10, 
            "type": 10
        }
    }, 
    {
        "pk": 71, 
        "model": "positions.defaultnoteposition", 
        "fields": {
            "category": 8, 
            "position": 1, 
            "type": 1
        }
    }, 
    {
        "pk": 72, 
        "model": "positions.defaultnoteposition", 
        "fields": {
            "category": 8, 
            "position": 2, 
            "type": 2
        }
    }, 
    {
        "pk": 73, 
        "model": "positions.defaultnoteposition", 
        "fields": {
            "category": 8, 
            "position": 3, 
            "type": 3
        }
    }, 
    {
        "pk": 74, 
        "model": "positions.defaultnoteposition", 
        "fields": {
            "category": 8, 
            "position": 4, 
            "type": 4
        }
    }, 
    {
        "pk": 75, 
        "model": "positions.defaultnoteposition", 
        "fields": {
            "category": 8, 
            "position": 5, 
            "type": 5
        }
    }, 
    {
        "pk": 76, 
        "model": "positions.defaultnoteposition", 
        "fields": {
            "category": 8, 
            "position": 6, 
            "type": 6
        }
    }, 
    {
        "pk": 77, 
        "model": "positions.defaultnoteposition", 
        "fields": {
            "category": 8, 
            "position": 7, 
            "type": 7
        }
    }, 
    {
        "pk": 78, 
        "model": "positions.defaultnoteposition", 
        "fields": {
            "category": 8, 
            "position": 8, 
            "type": 8
        }
    }, 
    {
        "pk": 79, 
        "model": "positions.defaultnoteposition", 
        "fields": {
            "category": 8, 
            "position": 9, 
            "type": 9
        }
    }, 
    {
        "pk": 80, 
        "model": "positions.defaultnoteposition", 
        "fields": {
            "category": 8, 
            "position": 10, 
            "type": 10
        }
    }, 
    {
        "pk": 81, 
        "model": "positions.defaultnoteposition", 
        "fields": {
            "category": 9, 
            "position": 1, 
            "type": 1
        }
    }, 
    {
        "pk": 82, 
        "model": "positions.defaultnoteposition", 
        "fields": {
            "category": 9, 
            "position": 2, 
            "type": 2
        }
    }, 
    {
        "pk": 83, 
        "model": "positions.defaultnoteposition", 
        "fields": {
            "category": 9, 
            "position": 3, 
            "type": 3
        }
    }, 
    {
        "pk": 84, 
        "model": "positions.defaultnoteposition", 
        "fields": {
            "category": 9, 
            "position": 4, 
            "type": 4
        }
    }, 
    {
        "pk": 85, 
        "model": "positions.defaultnoteposition", 
        "fields": {
            "category": 9, 
            "position": 5, 
            "type": 5
        }
    }, 
    {
        "pk": 86, 
        "model": "positions.defaultnoteposition", 
        "fields": {
            "category": 9, 
            "position": 6, 
            "type": 6
        }
    }, 
    {
        "pk": 87, 
        "model": "positions.defaultnoteposition", 
        "fields": {
            "category": 9, 
            "position": 7, 
            "type": 7
        }
    }, 
    {
        "pk": 88, 
        "model": "positions.defaultnoteposition", 
        "fields": {
            "category": 9, 
            "position": 8, 
            "type": 8
        }
    }, 
    {
        "pk": 89, 
        "model": "positions.defaultnoteposition", 
        "fields": {
            "category": 9, 
            "position": 9, 
            "type": 9
        }
    }, 
    {
        "pk": 90, 
        "model": "positions.defaultnoteposition", 
        "fields": {
            "category": 9, 
            "position": 10, 
            "type": 10
        }
    }, 
    {
        "pk": 1, 
        "model": "positions.issuecategoryposition", 
        "fields": {
            "category": 1, 
            "position": 1, 
            "issue": 1
        }
    }, 
    {
        "pk": 2, 
        "model": "positions.issuecategoryposition", 
        "fields": {
            "category": 2, 
            "position": 2, 
            "issue": 1
        }
    }, 
    {
        "pk": 3, 
        "model": "positions.issuecategoryposition", 
        "fields": {
            "category": 7, 
            "position": 3, 
            "issue": 1
        }
    }, 
    {
        "pk": 4, 
        "model": "positions.issuecategoryposition", 
        "fields": {
            "category": 3, 
            "position": 4, 
            "issue": 1
        }
    }, 
    {
        "pk": 5, 
        "model": "positions.issuecategoryposition", 
        "fields": {
            "category": 8, 
            "position": 5, 
            "issue": 1
        }
    }, 
    {
        "pk": 6, 
        "model": "positions.issuecategoryposition", 
        "fields": {
            "category": 4, 
            "position": 6, 
            "issue": 1
        }
    }, 
    {
        "pk": 7, 
        "model": "positions.issuecategoryposition", 
        "fields": {
            "category": 6, 
            "position": 7, 
            "issue": 1
        }
    }, 
    {
        "pk": 8, 
        "model": "positions.issuecategoryposition", 
        "fields": {
            "category": 5, 
            "position": 8, 
            "issue": 1
        }
    }, 
    {
        "pk": 9, 
        "model": "positions.issuecategoryposition", 
        "fields": {
            "category": 9, 
            "position": 9, 
            "issue": 1
        }
    }, 
    {
        "pk": 10, 
        "model": "positions.issuecategoryposition", 
        "fields": {
            "category": 13, 
            "position": 12, 
            "issue": 1
        }
    }, 
    {
        "pk": 11, 
        "model": "positions.issuecategoryposition", 
        "fields": {
            "category": 12, 
            "position": 10, 
            "issue": 1
        }
    }, 
    {
        "pk": 12, 
        "model": "positions.issuecategoryposition", 
        "fields": {
            "category": 1, 
            "position": 1, 
            "issue": 2
        }
    }, 
    {
        "pk": 13, 
        "model": "positions.issuecategoryposition", 
        "fields": {
            "category": 2, 
            "position": 2, 
            "issue": 2
        }
    }, 
    {
        "pk": 14, 
        "model": "positions.issuecategoryposition", 
        "fields": {
            "category": 7, 
            "position": 3, 
            "issue": 2
        }
    }, 
    {
        "pk": 15, 
        "model": "positions.issuecategoryposition", 
        "fields": {
            "category": 3, 
            "position": 4, 
            "issue": 2
        }
    }, 
    {
        "pk": 16, 
        "model": "positions.issuecategoryposition", 
        "fields": {
            "category": 8, 
            "position": 5, 
            "issue": 2
        }
    }, 
    {
        "pk": 17, 
        "model": "positions.issuecategoryposition", 
        "fields": {
            "category": 4, 
            "position": 6, 
            "issue": 2
        }
    }, 
    {
        "pk": 18, 
        "model": "positions.issuecategoryposition", 
        "fields": {
            "category": 6, 
            "position": 7, 
            "issue": 2
        }
    }, 
    {
        "pk": 19, 
        "model": "positions.issuecategoryposition", 
        "fields": {
            "category": 5, 
            "position": 8, 
            "issue": 2
        }
    }, 
    {
        "pk": 20, 
        "model": "positions.issuecategoryposition", 
        "fields": {
            "category": 9, 
            "position": 9, 
            "issue": 2
        }
    }, 
    {
        "pk": 21, 
        "model": "positions.issuecategoryposition", 
        "fields": {
            "category": 13, 
            "position": 12, 
            "issue": 2
        }
    }, 
    {
        "pk": 22, 
        "model": "positions.issuecategoryposition", 
        "fields": {
            "category": 12, 
            "position": 10, 
            "issue": 2
        }
    }, 
    {
        "pk": 1, 
        "model": "positions.issuenoteposition", 
        "fields": {
            "category": 1, 
            "type": 1, 
            "issue": 1, 
            "position": 1
        }
    }, 
    {
        "pk": 2, 
        "model": "positions.issuenoteposition", 
        "fields": {
            "category": 1, 
            "type": 2, 
            "issue": 1, 
            "position": 2
        }
    }, 
    {
        "pk": 3, 
        "model": "positions.issuenoteposition", 
        "fields": {
            "category": 1, 
            "type": 3, 
            "issue": 1, 
            "position": 3
        }
    }, 
    {
        "pk": 4, 
        "model": "positions.issuenoteposition", 
        "fields": {
            "category": 1, 
            "type": 4, 
            "issue": 1, 
            "position": 4
        }
    }, 
    {
        "pk": 5, 
        "model": "positions.issuenoteposition", 
        "fields": {
            "category": 1, 
            "type": 5, 
            "issue": 1, 
            "position": 5
        }
    }, 
    {
        "pk": 6, 
        "model": "positions.issuenoteposition", 
        "fields": {
            "category": 1, 
            "type": 6, 
            "issue": 1, 
            "position": 6
        }
    }, 
    {
        "pk": 7, 
        "model": "positions.issuenoteposition", 
        "fields": {
            "category": 1, 
            "type": 7, 
            "issue": 1, 
            "position": 7
        }
    }, 
    {
        "pk": 8, 
        "model": "positions.issuenoteposition", 
        "fields": {
            "category": 1, 
            "type": 8, 
            "issue": 1, 
            "position": 8
        }
    }, 
    {
        "pk": 9, 
        "model": "positions.issuenoteposition", 
        "fields": {
            "category": 1, 
            "type": 9, 
            "issue": 1, 
            "position": 9
        }
    }, 
    {
        "pk": 10, 
        "model": "positions.issuenoteposition", 
        "fields": {
            "category": 1, 
            "type": 10, 
            "issue": 1, 
            "position": 10
        }
    }, 
    {
        "pk": 11, 
        "model": "positions.issuenoteposition", 
        "fields": {
            "category": 2, 
            "type": 1, 
            "issue": 1, 
            "position": 1
        }
    }, 
    {
        "pk": 12, 
        "model": "positions.issuenoteposition", 
        "fields": {
            "category": 2, 
            "type": 2, 
            "issue": 1, 
            "position": 2
        }
    }, 
    {
        "pk": 13, 
        "model": "positions.issuenoteposition", 
        "fields": {
            "category": 2, 
            "type": 3, 
            "issue": 1, 
            "position": 3
        }
    }, 
    {
        "pk": 14, 
        "model": "positions.issuenoteposition", 
        "fields": {
            "category": 2, 
            "type": 4, 
            "issue": 1, 
            "position": 4
        }
    }, 
    {
        "pk": 15, 
        "model": "positions.issuenoteposition", 
        "fields": {
            "category": 2, 
            "type": 5, 
            "issue": 1, 
            "position": 5
        }
    }, 
    {
        "pk": 16, 
        "model": "positions.issuenoteposition", 
        "fields": {
            "category": 2, 
            "type": 6, 
            "issue": 1, 
            "position": 6
        }
    }, 
    {
        "pk": 17, 
        "model": "positions.issuenoteposition", 
        "fields": {
            "category": 2, 
            "type": 7, 
            "issue": 1, 
            "position": 7
        }
    }, 
    {
        "pk": 18, 
        "model": "positions.issuenoteposition", 
        "fields": {
            "category": 2, 
            "type": 8, 
            "issue": 1, 
            "position": 8
        }
    }, 
    {
        "pk": 19, 
        "model": "positions.issuenoteposition", 
        "fields": {
            "category": 2, 
            "type": 9, 
            "issue": 1, 
            "position": 9
        }
    }, 
    {
        "pk": 20, 
        "model": "positions.issuenoteposition", 
        "fields": {
            "category": 2, 
            "type": 10, 
            "issue": 1, 
            "position": 10
        }
    }, 
    {
        "pk": 21, 
        "model": "positions.issuenoteposition", 
        "fields": {
            "category": 3, 
            "type": 1, 
            "issue": 1, 
            "position": 1
        }
    }, 
    {
        "pk": 22, 
        "model": "positions.issuenoteposition", 
        "fields": {
            "category": 3, 
            "type": 2, 
            "issue": 1, 
            "position": 2
        }
    }, 
    {
        "pk": 23, 
        "model": "positions.issuenoteposition", 
        "fields": {
            "category": 3, 
            "type": 3, 
            "issue": 1, 
            "position": 3
        }
    }, 
    {
        "pk": 24, 
        "model": "positions.issuenoteposition", 
        "fields": {
            "category": 3, 
            "type": 4, 
            "issue": 1, 
            "position": 4
        }
    }, 
    {
        "pk": 25, 
        "model": "positions.issuenoteposition", 
        "fields": {
            "category": 3, 
            "type": 5, 
            "issue": 1, 
            "position": 5
        }
    }, 
    {
        "pk": 26, 
        "model": "positions.issuenoteposition", 
        "fields": {
            "category": 3, 
            "type": 6, 
            "issue": 1, 
            "position": 6
        }
    }, 
    {
        "pk": 27, 
        "model": "positions.issuenoteposition", 
        "fields": {
            "category": 3, 
            "type": 7, 
            "issue": 1, 
            "position": 7
        }
    }, 
    {
        "pk": 28, 
        "model": "positions.issuenoteposition", 
        "fields": {
            "category": 3, 
            "type": 8, 
            "issue": 1, 
            "position": 8
        }
    }, 
    {
        "pk": 29, 
        "model": "positions.issuenoteposition", 
        "fields": {
            "category": 3, 
            "type": 9, 
            "issue": 1, 
            "position": 9
        }
    }, 
    {
        "pk": 30, 
        "model": "positions.issuenoteposition", 
        "fields": {
            "category": 3, 
            "type": 10, 
            "issue": 1, 
            "position": 10
        }
    }, 
    {
        "pk": 31, 
        "model": "positions.issuenoteposition", 
        "fields": {
            "category": 4, 
            "type": 1, 
            "issue": 1, 
            "position": 1
        }
    }, 
    {
        "pk": 32, 
        "model": "positions.issuenoteposition", 
        "fields": {
            "category": 4, 
            "type": 2, 
            "issue": 1, 
            "position": 2
        }
    }, 
    {
        "pk": 33, 
        "model": "positions.issuenoteposition", 
        "fields": {
            "category": 4, 
            "type": 3, 
            "issue": 1, 
            "position": 3
        }
    }, 
    {
        "pk": 34, 
        "model": "positions.issuenoteposition", 
        "fields": {
            "category": 4, 
            "type": 4, 
            "issue": 1, 
            "position": 4
        }
    }, 
    {
        "pk": 35, 
        "model": "positions.issuenoteposition", 
        "fields": {
            "category": 4, 
            "type": 5, 
            "issue": 1, 
            "position": 5
        }
    }, 
    {
        "pk": 36, 
        "model": "positions.issuenoteposition", 
        "fields": {
            "category": 4, 
            "type": 6, 
            "issue": 1, 
            "position": 6
        }
    }, 
    {
        "pk": 37, 
        "model": "positions.issuenoteposition", 
        "fields": {
            "category": 4, 
            "type": 7, 
            "issue": 1, 
            "position": 7
        }
    }, 
    {
        "pk": 38, 
        "model": "positions.issuenoteposition", 
        "fields": {
            "category": 4, 
            "type": 8, 
            "issue": 1, 
            "position": 8
        }
    }, 
    {
        "pk": 39, 
        "model": "positions.issuenoteposition", 
        "fields": {
            "category": 4, 
            "type": 9, 
            "issue": 1, 
            "position": 9
        }
    }, 
    {
        "pk": 40, 
        "model": "positions.issuenoteposition", 
        "fields": {
            "category": 4, 
            "type": 10, 
            "issue": 1, 
            "position": 10
        }
    }, 
    {
        "pk": 41, 
        "model": "positions.issuenoteposition", 
        "fields": {
            "category": 5, 
            "type": 1, 
            "issue": 1, 
            "position": 1
        }
    }, 
    {
        "pk": 42, 
        "model": "positions.issuenoteposition", 
        "fields": {
            "category": 5, 
            "type": 2, 
            "issue": 1, 
            "position": 2
        }
    }, 
    {
        "pk": 43, 
        "model": "positions.issuenoteposition", 
        "fields": {
            "category": 5, 
            "type": 3, 
            "issue": 1, 
            "position": 3
        }
    }, 
    {
        "pk": 44, 
        "model": "positions.issuenoteposition", 
        "fields": {
            "category": 5, 
            "type": 4, 
            "issue": 1, 
            "position": 4
        }
    }, 
    {
        "pk": 45, 
        "model": "positions.issuenoteposition", 
        "fields": {
            "category": 5, 
            "type": 5, 
            "issue": 1, 
            "position": 5
        }
    }, 
    {
        "pk": 46, 
        "model": "positions.issuenoteposition", 
        "fields": {
            "category": 5, 
            "type": 6, 
            "issue": 1, 
            "position": 6
        }
    }, 
    {
        "pk": 47, 
        "model": "positions.issuenoteposition", 
        "fields": {
            "category": 5, 
            "type": 7, 
            "issue": 1, 
            "position": 7
        }
    }, 
    {
        "pk": 48, 
        "model": "positions.issuenoteposition", 
        "fields": {
            "category": 5, 
            "type": 8, 
            "issue": 1, 
            "position": 8
        }
    }, 
    {
        "pk": 49, 
        "model": "positions.issuenoteposition", 
        "fields": {
            "category": 5, 
            "type": 9, 
            "issue": 1, 
            "position": 9
        }
    }, 
    {
        "pk": 50, 
        "model": "positions.issuenoteposition", 
        "fields": {
            "category": 5, 
            "type": 10, 
            "issue": 1, 
            "position": 10
        }
    }, 
    {
        "pk": 51, 
        "model": "positions.issuenoteposition", 
        "fields": {
            "category": 6, 
            "type": 1, 
            "issue": 1, 
            "position": 1
        }
    }, 
    {
        "pk": 52, 
        "model": "positions.issuenoteposition", 
        "fields": {
            "category": 6, 
            "type": 2, 
            "issue": 1, 
            "position": 2
        }
    }, 
    {
        "pk": 53, 
        "model": "positions.issuenoteposition", 
        "fields": {
            "category": 6, 
            "type": 3, 
            "issue": 1, 
            "position": 3
        }
    }, 
    {
        "pk": 54, 
        "model": "positions.issuenoteposition", 
        "fields": {
            "category": 6, 
            "type": 4, 
            "issue": 1, 
            "position": 4
        }
    }, 
    {
        "pk": 55, 
        "model": "positions.issuenoteposition", 
        "fields": {
            "category": 6, 
            "type": 5, 
            "issue": 1, 
            "position": 5
        }
    }, 
    {
        "pk": 56, 
        "model": "positions.issuenoteposition", 
        "fields": {
            "category": 6, 
            "type": 6, 
            "issue": 1, 
            "position": 6
        }
    }, 
    {
        "pk": 57, 
        "model": "positions.issuenoteposition", 
        "fields": {
            "category": 6, 
            "type": 7, 
            "issue": 1, 
            "position": 7
        }
    }, 
    {
        "pk": 58, 
        "model": "positions.issuenoteposition", 
        "fields": {
            "category": 6, 
            "type": 8, 
            "issue": 1, 
            "position": 8
        }
    }, 
    {
        "pk": 59, 
        "model": "positions.issuenoteposition", 
        "fields": {
            "category": 6, 
            "type": 9, 
            "issue": 1, 
            "position": 9
        }
    }, 
    {
        "pk": 60, 
        "model": "positions.issuenoteposition", 
        "fields": {
            "category": 6, 
            "type": 10, 
            "issue": 1, 
            "position": 10
        }
    }, 
    {
        "pk": 61, 
        "model": "positions.issuenoteposition", 
        "fields": {
            "category": 7, 
            "type": 1, 
            "issue": 1, 
            "position": 1
        }
    }, 
    {
        "pk": 62, 
        "model": "positions.issuenoteposition", 
        "fields": {
            "category": 7, 
            "type": 2, 
            "issue": 1, 
            "position": 2
        }
    }, 
    {
        "pk": 63, 
        "model": "positions.issuenoteposition", 
        "fields": {
            "category": 7, 
            "type": 3, 
            "issue": 1, 
            "position": 3
        }
    }, 
    {
        "pk": 64, 
        "model": "positions.issuenoteposition", 
        "fields": {
            "category": 7, 
            "type": 4, 
            "issue": 1, 
            "position": 4
        }
    }, 
    {
        "pk": 65, 
        "model": "positions.issuenoteposition", 
        "fields": {
            "category": 7, 
            "type": 5, 
            "issue": 1, 
            "position": 5
        }
    }, 
    {
        "pk": 66, 
        "model": "positions.issuenoteposition", 
        "fields": {
            "category": 7, 
            "type": 6, 
            "issue": 1, 
            "position": 6
        }
    }, 
    {
        "pk": 67, 
        "model": "positions.issuenoteposition", 
        "fields": {
            "category": 7, 
            "type": 7, 
            "issue": 1, 
            "position": 7
        }
    }, 
    {
        "pk": 68, 
        "model": "positions.issuenoteposition", 
        "fields": {
            "category": 7, 
            "type": 8, 
            "issue": 1, 
            "position": 8
        }
    }, 
    {
        "pk": 69, 
        "model": "positions.issuenoteposition", 
        "fields": {
            "category": 7, 
            "type": 9, 
            "issue": 1, 
            "position": 9
        }
    }, 
    {
        "pk": 70, 
        "model": "positions.issuenoteposition", 
        "fields": {
            "category": 7, 
            "type": 10, 
            "issue": 1, 
            "position": 10
        }
    }, 
    {
        "pk": 71, 
        "model": "positions.issuenoteposition", 
        "fields": {
            "category": 8, 
            "type": 1, 
            "issue": 1, 
            "position": 1
        }
    }, 
    {
        "pk": 72, 
        "model": "positions.issuenoteposition", 
        "fields": {
            "category": 8, 
            "type": 2, 
            "issue": 1, 
            "position": 2
        }
    }, 
    {
        "pk": 73, 
        "model": "positions.issuenoteposition", 
        "fields": {
            "category": 8, 
            "type": 3, 
            "issue": 1, 
            "position": 3
        }
    }, 
    {
        "pk": 74, 
        "model": "positions.issuenoteposition", 
        "fields": {
            "category": 8, 
            "type": 4, 
            "issue": 1, 
            "position": 4
        }
    }, 
    {
        "pk": 75, 
        "model": "positions.issuenoteposition", 
        "fields": {
            "category": 8, 
            "type": 5, 
            "issue": 1, 
            "position": 5
        }
    }, 
    {
        "pk": 76, 
        "model": "positions.issuenoteposition", 
        "fields": {
            "category": 8, 
            "type": 6, 
            "issue": 1, 
            "position": 6
        }
    }, 
    {
        "pk": 77, 
        "model": "positions.issuenoteposition", 
        "fields": {
            "category": 8, 
            "type": 7, 
            "issue": 1, 
            "position": 7
        }
    }, 
    {
        "pk": 78, 
        "model": "positions.issuenoteposition", 
        "fields": {
            "category": 8, 
            "type": 8, 
            "issue": 1, 
            "position": 8
        }
    }, 
    {
        "pk": 79, 
        "model": "positions.issuenoteposition", 
        "fields": {
            "category": 8, 
            "type": 9, 
            "issue": 1, 
            "position": 9
        }
    }, 
    {
        "pk": 80, 
        "model": "positions.issuenoteposition", 
        "fields": {
            "category": 8, 
            "type": 10, 
            "issue": 1, 
            "position": 10
        }
    }, 
    {
        "pk": 81, 
        "model": "positions.issuenoteposition", 
        "fields": {
            "category": 9, 
            "type": 1, 
            "issue": 1, 
            "position": 1
        }
    }, 
    {
        "pk": 82, 
        "model": "positions.issuenoteposition", 
        "fields": {
            "category": 9, 
            "type": 2, 
            "issue": 1, 
            "position": 2
        }
    }, 
    {
        "pk": 83, 
        "model": "positions.issuenoteposition", 
        "fields": {
            "category": 9, 
            "type": 3, 
            "issue": 1, 
            "position": 3
        }
    }, 
    {
        "pk": 84, 
        "model": "positions.issuenoteposition", 
        "fields": {
            "category": 9, 
            "type": 4, 
            "issue": 1, 
            "position": 4
        }
    }, 
    {
        "pk": 85, 
        "model": "positions.issuenoteposition", 
        "fields": {
            "category": 9, 
            "type": 5, 
            "issue": 1, 
            "position": 5
        }
    }, 
    {
        "pk": 86, 
        "model": "positions.issuenoteposition", 
        "fields": {
            "category": 9, 
            "type": 6, 
            "issue": 1, 
            "position": 6
        }
    }, 
    {
        "pk": 87, 
        "model": "positions.issuenoteposition", 
        "fields": {
            "category": 9, 
            "type": 7, 
            "issue": 1, 
            "position": 7
        }
    }, 
    {
        "pk": 88, 
        "model": "positions.issuenoteposition", 
        "fields": {
            "category": 9, 
            "type": 8, 
            "issue": 1, 
            "position": 8
        }
    }, 
    {
        "pk": 89, 
        "model": "positions.issuenoteposition", 
        "fields": {
            "category": 9, 
            "type": 9, 
            "issue": 1, 
            "position": 9
        }
    }, 
    {
        "pk": 90, 
        "model": "positions.issuenoteposition", 
        "fields": {
            "category": 9, 
            "type": 10, 
            "issue": 1, 
            "position": 10
        }
    }, 
    {
        "pk": 91, 
        "model": "positions.issuenoteposition", 
        "fields": {
            "category": 1, 
            "type": 1, 
            "issue": 2, 
            "position": 1
        }
    }, 
    {
        "pk": 92, 
        "model": "positions.issuenoteposition", 
        "fields": {
            "category": 1, 
            "type": 2, 
            "issue": 2, 
            "position": 2
        }
    }, 
    {
        "pk": 93, 
        "model": "positions.issuenoteposition", 
        "fields": {
            "category": 1, 
            "type": 3, 
            "issue": 2, 
            "position": 3
        }
    }, 
    {
        "pk": 94, 
        "model": "positions.issuenoteposition", 
        "fields": {
            "category": 1, 
            "type": 4, 
            "issue": 2, 
            "position": 4
        }
    }, 
    {
        "pk": 95, 
        "model": "positions.issuenoteposition", 
        "fields": {
            "category": 1, 
            "type": 5, 
            "issue": 2, 
            "position": 5
        }
    }, 
    {
        "pk": 96, 
        "model": "positions.issuenoteposition", 
        "fields": {
            "category": 1, 
            "type": 6, 
            "issue": 2, 
            "position": 6
        }
    }, 
    {
        "pk": 97, 
        "model": "positions.issuenoteposition", 
        "fields": {
            "category": 1, 
            "type": 7, 
            "issue": 2, 
            "position": 7
        }
    }, 
    {
        "pk": 98, 
        "model": "positions.issuenoteposition", 
        "fields": {
            "category": 1, 
            "type": 8, 
            "issue": 2, 
            "position": 8
        }
    }, 
    {
        "pk": 99, 
        "model": "positions.issuenoteposition", 
        "fields": {
            "category": 1, 
            "type": 9, 
            "issue": 2, 
            "position": 9
        }
    }, 
    {
        "pk": 100, 
        "model": "positions.issuenoteposition", 
        "fields": {
            "category": 1, 
            "type": 10, 
            "issue": 2, 
            "position": 10
        }
    }, 
    {
        "pk": 101, 
        "model": "positions.issuenoteposition", 
        "fields": {
            "category": 2, 
            "type": 1, 
            "issue": 2, 
            "position": 1
        }
    }, 
    {
        "pk": 102, 
        "model": "positions.issuenoteposition", 
        "fields": {
            "category": 2, 
            "type": 2, 
            "issue": 2, 
            "position": 2
        }
    }, 
    {
        "pk": 103, 
        "model": "positions.issuenoteposition", 
        "fields": {
            "category": 2, 
            "type": 3, 
            "issue": 2, 
            "position": 3
        }
    }, 
    {
        "pk": 104, 
        "model": "positions.issuenoteposition", 
        "fields": {
            "category": 2, 
            "type": 4, 
            "issue": 2, 
            "position": 4
        }
    }, 
    {
        "pk": 105, 
        "model": "positions.issuenoteposition", 
        "fields": {
            "category": 2, 
            "type": 5, 
            "issue": 2, 
            "position": 5
        }
    }, 
    {
        "pk": 106, 
        "model": "positions.issuenoteposition", 
        "fields": {
            "category": 2, 
            "type": 6, 
            "issue": 2, 
            "position": 6
        }
    }, 
    {
        "pk": 107, 
        "model": "positions.issuenoteposition", 
        "fields": {
            "category": 2, 
            "type": 7, 
            "issue": 2, 
            "position": 7
        }
    }, 
    {
        "pk": 108, 
        "model": "positions.issuenoteposition", 
        "fields": {
            "category": 2, 
            "type": 8, 
            "issue": 2, 
            "position": 8
        }
    }, 
    {
        "pk": 109, 
        "model": "positions.issuenoteposition", 
        "fields": {
            "category": 2, 
            "type": 9, 
            "issue": 2, 
            "position": 9
        }
    }, 
    {
        "pk": 110, 
        "model": "positions.issuenoteposition", 
        "fields": {
            "category": 2, 
            "type": 10, 
            "issue": 2, 
            "position": 10
        }
    }, 
    {
        "pk": 111, 
        "model": "positions.issuenoteposition", 
        "fields": {
            "category": 3, 
            "type": 1, 
            "issue": 2, 
            "position": 1
        }
    }, 
    {
        "pk": 112, 
        "model": "positions.issuenoteposition", 
        "fields": {
            "category": 3, 
            "type": 2, 
            "issue": 2, 
            "position": 2
        }
    }, 
    {
        "pk": 113, 
        "model": "positions.issuenoteposition", 
        "fields": {
            "category": 3, 
            "type": 3, 
            "issue": 2, 
            "position": 3
        }
    }, 
    {
        "pk": 114, 
        "model": "positions.issuenoteposition", 
        "fields": {
            "category": 3, 
            "type": 4, 
            "issue": 2, 
            "position": 4
        }
    }, 
    {
        "pk": 115, 
        "model": "positions.issuenoteposition", 
        "fields": {
            "category": 3, 
            "type": 5, 
            "issue": 2, 
            "position": 5
        }
    }, 
    {
        "pk": 116, 
        "model": "positions.issuenoteposition", 
        "fields": {
            "category": 3, 
            "type": 6, 
            "issue": 2, 
            "position": 6
        }
    }, 
    {
        "pk": 117, 
        "model": "positions.issuenoteposition", 
        "fields": {
            "category": 3, 
            "type": 7, 
            "issue": 2, 
            "position": 7
        }
    }, 
    {
        "pk": 118, 
        "model": "positions.issuenoteposition", 
        "fields": {
            "category": 3, 
            "type": 8, 
            "issue": 2, 
            "position": 8
        }
    }, 
    {
        "pk": 119, 
        "model": "positions.issuenoteposition", 
        "fields": {
            "category": 3, 
            "type": 9, 
            "issue": 2, 
            "position": 9
        }
    }, 
    {
        "pk": 120, 
        "model": "positions.issuenoteposition", 
        "fields": {
            "category": 3, 
            "type": 10, 
            "issue": 2, 
            "position": 10
        }
    }, 
    {
        "pk": 121, 
        "model": "positions.issuenoteposition", 
        "fields": {
            "category": 4, 
            "type": 1, 
            "issue": 2, 
            "position": 1
        }
    }, 
    {
        "pk": 122, 
        "model": "positions.issuenoteposition", 
        "fields": {
            "category": 4, 
            "type": 2, 
            "issue": 2, 
            "position": 2
        }
    }, 
    {
        "pk": 123, 
        "model": "positions.issuenoteposition", 
        "fields": {
            "category": 4, 
            "type": 3, 
            "issue": 2, 
            "position": 3
        }
    }, 
    {
        "pk": 124, 
        "model": "positions.issuenoteposition", 
        "fields": {
            "category": 4, 
            "type": 4, 
            "issue": 2, 
            "position": 4
        }
    }, 
    {
        "pk": 125, 
        "model": "positions.issuenoteposition", 
        "fields": {
            "category": 4, 
            "type": 5, 
            "issue": 2, 
            "position": 5
        }
    }, 
    {
        "pk": 126, 
        "model": "positions.issuenoteposition", 
        "fields": {
            "category": 4, 
            "type": 6, 
            "issue": 2, 
            "position": 6
        }
    }, 
    {
        "pk": 127, 
        "model": "positions.issuenoteposition", 
        "fields": {
            "category": 4, 
            "type": 7, 
            "issue": 2, 
            "position": 7
        }
    }, 
    {
        "pk": 128, 
        "model": "positions.issuenoteposition", 
        "fields": {
            "category": 4, 
            "type": 8, 
            "issue": 2, 
            "position": 8
        }
    }, 
    {
        "pk": 129, 
        "model": "positions.issuenoteposition", 
        "fields": {
            "category": 4, 
            "type": 9, 
            "issue": 2, 
            "position": 9
        }
    }, 
    {
        "pk": 130, 
        "model": "positions.issuenoteposition", 
        "fields": {
            "category": 4, 
            "type": 10, 
            "issue": 2, 
            "position": 10
        }
    }, 
    {
        "pk": 131, 
        "model": "positions.issuenoteposition", 
        "fields": {
            "category": 5, 
            "type": 1, 
            "issue": 2, 
            "position": 1
        }
    }, 
    {
        "pk": 132, 
        "model": "positions.issuenoteposition", 
        "fields": {
            "category": 5, 
            "type": 2, 
            "issue": 2, 
            "position": 2
        }
    }, 
    {
        "pk": 133, 
        "model": "positions.issuenoteposition", 
        "fields": {
            "category": 5, 
            "type": 3, 
            "issue": 2, 
            "position": 3
        }
    }, 
    {
        "pk": 134, 
        "model": "positions.issuenoteposition", 
        "fields": {
            "category": 5, 
            "type": 4, 
            "issue": 2, 
            "position": 4
        }
    }, 
    {
        "pk": 135, 
        "model": "positions.issuenoteposition", 
        "fields": {
            "category": 5, 
            "type": 5, 
            "issue": 2, 
            "position": 5
        }
    }, 
    {
        "pk": 136, 
        "model": "positions.issuenoteposition", 
        "fields": {
            "category": 5, 
            "type": 6, 
            "issue": 2, 
            "position": 6
        }
    }, 
    {
        "pk": 137, 
        "model": "positions.issuenoteposition", 
        "fields": {
            "category": 5, 
            "type": 7, 
            "issue": 2, 
            "position": 7
        }
    }, 
    {
        "pk": 138, 
        "model": "positions.issuenoteposition", 
        "fields": {
            "category": 5, 
            "type": 8, 
            "issue": 2, 
            "position": 8
        }
    }, 
    {
        "pk": 139, 
        "model": "positions.issuenoteposition", 
        "fields": {
            "category": 5, 
            "type": 9, 
            "issue": 2, 
            "position": 9
        }
    }, 
    {
        "pk": 140, 
        "model": "positions.issuenoteposition", 
        "fields": {
            "category": 5, 
            "type": 10, 
            "issue": 2, 
            "position": 10
        }
    }, 
    {
        "pk": 141, 
        "model": "positions.issuenoteposition", 
        "fields": {
            "category": 6, 
            "type": 1, 
            "issue": 2, 
            "position": 1
        }
    }, 
    {
        "pk": 142, 
        "model": "positions.issuenoteposition", 
        "fields": {
            "category": 6, 
            "type": 2, 
            "issue": 2, 
            "position": 2
        }
    }, 
    {
        "pk": 143, 
        "model": "positions.issuenoteposition", 
        "fields": {
            "category": 6, 
            "type": 3, 
            "issue": 2, 
            "position": 3
        }
    }, 
    {
        "pk": 144, 
        "model": "positions.issuenoteposition", 
        "fields": {
            "category": 6, 
            "type": 4, 
            "issue": 2, 
            "position": 4
        }
    }, 
    {
        "pk": 145, 
        "model": "positions.issuenoteposition", 
        "fields": {
            "category": 6, 
            "type": 5, 
            "issue": 2, 
            "position": 5
        }
    }, 
    {
        "pk": 146, 
        "model": "positions.issuenoteposition", 
        "fields": {
            "category": 6, 
            "type": 6, 
            "issue": 2, 
            "position": 6
        }
    }, 
    {
        "pk": 147, 
        "model": "positions.issuenoteposition", 
        "fields": {
            "category": 6, 
            "type": 7, 
            "issue": 2, 
            "position": 7
        }
    }, 
    {
        "pk": 148, 
        "model": "positions.issuenoteposition", 
        "fields": {
            "category": 6, 
            "type": 8, 
            "issue": 2, 
            "position": 8
        }
    }, 
    {
        "pk": 149, 
        "model": "positions.issuenoteposition", 
        "fields": {
            "category": 6, 
            "type": 9, 
            "issue": 2, 
            "position": 9
        }
    }, 
    {
        "pk": 150, 
        "model": "positions.issuenoteposition", 
        "fields": {
            "category": 6, 
            "type": 10, 
            "issue": 2, 
            "position": 10
        }
    }, 
    {
        "pk": 151, 
        "model": "positions.issuenoteposition", 
        "fields": {
            "category": 7, 
            "type": 1, 
            "issue": 2, 
            "position": 1
        }
    }, 
    {
        "pk": 152, 
        "model": "positions.issuenoteposition", 
        "fields": {
            "category": 7, 
            "type": 2, 
            "issue": 2, 
            "position": 2
        }
    }, 
    {
        "pk": 153, 
        "model": "positions.issuenoteposition", 
        "fields": {
            "category": 7, 
            "type": 3, 
            "issue": 2, 
            "position": 3
        }
    }, 
    {
        "pk": 154, 
        "model": "positions.issuenoteposition", 
        "fields": {
            "category": 7, 
            "type": 4, 
            "issue": 2, 
            "position": 4
        }
    }, 
    {
        "pk": 155, 
        "model": "positions.issuenoteposition", 
        "fields": {
            "category": 7, 
            "type": 5, 
            "issue": 2, 
            "position": 5
        }
    }, 
    {
        "pk": 156, 
        "model": "positions.issuenoteposition", 
        "fields": {
            "category": 7, 
            "type": 6, 
            "issue": 2, 
            "position": 6
        }
    }, 
    {
        "pk": 157, 
        "model": "positions.issuenoteposition", 
        "fields": {
            "category": 7, 
            "type": 7, 
            "issue": 2, 
            "position": 7
        }
    }, 
    {
        "pk": 158, 
        "model": "positions.issuenoteposition", 
        "fields": {
            "category": 7, 
            "type": 8, 
            "issue": 2, 
            "position": 8
        }
    }, 
    {
        "pk": 159, 
        "model": "positions.issuenoteposition", 
        "fields": {
            "category": 7, 
            "type": 9, 
            "issue": 2, 
            "position": 9
        }
    }, 
    {
        "pk": 160, 
        "model": "positions.issuenoteposition", 
        "fields": {
            "category": 7, 
            "type": 10, 
            "issue": 2, 
            "position": 10
        }
    }, 
    {
        "pk": 161, 
        "model": "positions.issuenoteposition", 
        "fields": {
            "category": 8, 
            "type": 1, 
            "issue": 2, 
            "position": 1
        }
    }, 
    {
        "pk": 162, 
        "model": "positions.issuenoteposition", 
        "fields": {
            "category": 8, 
            "type": 2, 
            "issue": 2, 
            "position": 2
        }
    }, 
    {
        "pk": 163, 
        "model": "positions.issuenoteposition", 
        "fields": {
            "category": 8, 
            "type": 3, 
            "issue": 2, 
            "position": 3
        }
    }, 
    {
        "pk": 164, 
        "model": "positions.issuenoteposition", 
        "fields": {
            "category": 8, 
            "type": 4, 
            "issue": 2, 
            "position": 4
        }
    }, 
    {
        "pk": 165, 
        "model": "positions.issuenoteposition", 
        "fields": {
            "category": 8, 
            "type": 5, 
            "issue": 2, 
            "position": 5
        }
    }, 
    {
        "pk": 166, 
        "model": "positions.issuenoteposition", 
        "fields": {
            "category": 8, 
            "type": 6, 
            "issue": 2, 
            "position": 6
        }
    }, 
    {
        "pk": 167, 
        "model": "positions.issuenoteposition", 
        "fields": {
            "category": 8, 
            "type": 7, 
            "issue": 2, 
            "position": 7
        }
    }, 
    {
        "pk": 168, 
        "model": "positions.issuenoteposition", 
        "fields": {
            "category": 8, 
            "type": 8, 
            "issue": 2, 
            "position": 8
        }
    }, 
    {
        "pk": 169, 
        "model": "positions.issuenoteposition", 
        "fields": {
            "category": 8, 
            "type": 9, 
            "issue": 2, 
            "position": 9
        }
    }, 
    {
        "pk": 170, 
        "model": "positions.issuenoteposition", 
        "fields": {
            "category": 8, 
            "type": 10, 
            "issue": 2, 
            "position": 10
        }
    }, 
    {
        "pk": 171, 
        "model": "positions.issuenoteposition", 
        "fields": {
            "category": 9, 
            "type": 1, 
            "issue": 2, 
            "position": 1
        }
    }, 
    {
        "pk": 172, 
        "model": "positions.issuenoteposition", 
        "fields": {
            "category": 9, 
            "type": 2, 
            "issue": 2, 
            "position": 2
        }
    }, 
    {
        "pk": 173, 
        "model": "positions.issuenoteposition", 
        "fields": {
            "category": 9, 
            "type": 3, 
            "issue": 2, 
            "position": 3
        }
    }, 
    {
        "pk": 174, 
        "model": "positions.issuenoteposition", 
        "fields": {
            "category": 9, 
            "type": 4, 
            "issue": 2, 
            "position": 4
        }
    }, 
    {
        "pk": 175, 
        "model": "positions.issuenoteposition", 
        "fields": {
            "category": 9, 
            "type": 5, 
            "issue": 2, 
            "position": 5
        }
    }, 
    {
        "pk": 176, 
        "model": "positions.issuenoteposition", 
        "fields": {
            "category": 9, 
            "type": 6, 
            "issue": 2, 
            "position": 6
        }
    }, 
    {
        "pk": 177, 
        "model": "positions.issuenoteposition", 
        "fields": {
            "category": 9, 
            "type": 7, 
            "issue": 2, 
            "position": 7
        }
    }, 
    {
        "pk": 178, 
        "model": "positions.issuenoteposition", 
        "fields": {
            "category": 9, 
            "type": 8, 
            "issue": 2, 
            "position": 8
        }
    }, 
    {
        "pk": 179, 
        "model": "positions.issuenoteposition", 
        "fields": {
            "category": 9, 
            "type": 9, 
            "issue": 2, 
            "position": 9
        }
    }, 
    {
        "pk": 180, 
        "model": "positions.issuenoteposition", 
        "fields": {
            "category": 9, 
            "type": 10, 
            "issue": 2, 
            "position": 10
        }
    }
]
